event,mp,ammo,mre,part,item_num,rank,equip_id,name,mean%,stdev%,equip_total,equip_count
008 日常（周年后修复）,10,10,10,10,1,2,1,BM 3-12X40,7.308,0.042,380645,27818
008 日常（周年后修复）,10,10,10,10,1,2,5,EOT 506,7.307,0.042,380645,27815
008 日常（周年后修复）,10,10,10,10,1,2,9,AMP COMPM2,7.274,0.042,380645,27689
008 日常（周年后修复）,10,10,10,10,1,2,13,PEQ-2,6.248,0.039,380645,23782
008 日常（周年后修复）,10,10,10,10,1,2,17,M61穿甲弹,0.002,0.001,380645,6
008 日常（周年后修复）,10,10,10,10,1,2,29,FMJ高速弹,0.004,0.001,380645,14
008 日常（周年后修复）,10,10,10,10,1,2,37,IOP T1外骨骼,2.154,0.024,380645,8199
008 日常（周年后修复）,10,10,10,10,1,2,55,IOP X1外骨骼,2.150,0.024,380645,8185
008 日常（周年后修复）,10,10,10,10,1,2,63,AC1消音器,5.605,0.037,380645,21336
008 日常（周年后修复）,10,10,10,10,1,2,69,ILM空尖弹,0.003,0.001,380645,13
008 日常（周年后修复）,10,10,10,10,1,2,73,#1猎鹿弹,0.000,0.000,380645,1
008 日常（周年后修复）,10,10,10,10,1,2,87,破旧披风,6.600,0.040,380645,25124
008 日常（周年后修复）,10,10,10,10,1,3,2,LRA 2-12x50,5.299,0.036,380645,20172
008 日常（周年后修复）,10,10,10,10,1,3,6,EOT 512,5.215,0.036,380645,19851
008 日常（周年后修复）,10,10,10,10,1,3,10,AMP COMPM4,5.295,0.036,380645,20155
008 日常（周年后修复）,10,10,10,10,1,3,14,PEQ-5,4.521,0.034,380645,17209
008 日常（周年后修复）,10,10,10,10,1,3,18,M993穿甲弹,0.001,0.000,380645,2
008 日常（周年后修复）,10,10,10,10,1,3,30,JSP高速弹,0.003,0.001,380645,11
008 日常（周年后修复）,10,10,10,10,1,3,38,IOP T2外骨骼,1.541,0.020,380645,5866
008 日常（周年后修复）,10,10,10,10,1,3,42,Type1防弹插板,3.412,0.029,380645,12989
008 日常（周年后修复）,10,10,10,10,1,3,56,IOP X2外骨骼,1.491,0.020,380645,5676
008 日常（周年后修复）,10,10,10,10,1,3,64,AC2消音器,3.980,0.032,380645,15148
008 日常（周年后修复）,10,10,10,10,1,3,70,ILM空尖弹,0.002,0.001,380645,7
008 日常（周年后修复）,10,10,10,10,1,3,74,#0猎鹿弹,0.001,0.000,380645,2
008 日常（周年后修复）,10,10,10,10,1,3,78,FST独头弹,0.001,0.001,380645,4
008 日常（周年后修复）,10,10,10,10,1,3,88,伪装披风,4.694,0.034,380645,17868
008 日常（周年后修复）,10,10,10,10,1,3,222,RMR红点,5.706,0.038,380645,21720
008 日常（周年后修复）,10,10,10,10,1,3,232,试制运算芯片,4.078,0.032,380645,15523
008 日常（周年后修复）,10,10,10,10,1,3,306,Mk3喉缩管,0.002,0.001,380645,7
008 日常（周年后修复）,10,10,10,10,1,3,312,HD50脚架,0.001,0.000,380645,3
008 日常（周年后修复）,10,10,10,10,1,4,3,PSO-1,0.957,0.016,380645,3641
008 日常（周年后修复）,10,10,10,10,1,4,7,EOT 516,0.954,0.016,380645,3633
008 日常（周年后修复）,10,10,10,10,1,4,11,COG M150,0.958,0.016,380645,3647
008 日常（周年后修复）,10,10,10,10,1,4,15,PEQ-15,0.789,0.014,380645,3004
008 日常（周年后修复）,10,10,10,10,1,4,31,JHP高速弹,0.001,0.000,380645,2
008 日常（周年后修复）,10,10,10,10,1,4,39,IOP T3外骨骼,0.272,0.008,380645,1037
008 日常（周年后修复）,10,10,10,10,1,4,43,Type2防弹插板,0.636,0.013,380645,2420
008 日常（周年后修复）,10,10,10,10,1,4,57,IOP X3外骨骼,0.277,0.009,380645,1053
008 日常（周年后修复）,10,10,10,10,1,4,65,AC3消音器,0.727,0.014,380645,2768
008 日常（周年后修复）,10,10,10,10,1,4,71,ILM空尖弹,0.000,0.000,380645,1
008 日常（周年后修复）,10,10,10,10,1,4,75,#00猎鹿弹,0.000,0.000,380645,1
008 日常（周年后修复）,10,10,10,10,1,4,89,城市迷彩披风,0.854,0.015,380645,3250
008 日常（周年后修复）,10,10,10,10,1,4,223,RMR T2红点,1.012,0.016,380645,3854
008 日常（周年后修复）,10,10,10,10,1,4,226,M33狙击弹,0.000,0.000,380645,1
008 日常（周年后修复）,10,10,10,10,1,4,233,#1运算芯片,0.717,0.014,380645,2729
008 日常（周年后修复）,10,10,10,10,1,5,4,VFL 6-24X56,0.164,0.007,380645,626
008 日常（周年后修复）,10,10,10,10,1,5,8,EOT 518,0.183,0.007,380645,695
008 日常（周年后修复）,10,10,10,10,1,5,12,ITI MARS,0.169,0.007,380645,642
008 日常（周年后修复）,10,10,10,10,1,5,16,PEQ-16A,0.131,0.006,380645,497
008 日常（周年后修复）,10,10,10,10,1,5,20,Mk211高爆穿甲弹,0.000,0.000,380645,1
008 日常（周年后修复）,10,10,10,10,1,5,40,IOP T4外骨骼,0.052,0.004,380645,199
008 日常（周年后修复）,10,10,10,10,1,5,44,Type3防弹插板,0.112,0.005,380645,425
008 日常（周年后修复）,10,10,10,10,1,5,58,IOP X4外骨骼,0.049,0.004,380645,188
008 日常（周年后修复）,10,10,10,10,1,5,66,AC4消音器,0.238,0.008,380645,907
008 日常（周年后修复）,10,10,10,10,1,5,68,IOP极限弹链箱,0.000,0.000,380645,1
008 日常（周年后修复）,10,10,10,10,1,5,90,热光学迷彩披风,0.190,0.007,380645,722
008 日常（周年后修复）,10,10,10,10,1,5,224,RMR T4红点,0.203,0.007,380645,774
008 日常（周年后修复）,10,10,10,10,1,5,234,#2运算芯片,0.153,0.006,380645,583
008 日常（周年后修复）,10,10,10,10,1,5,305,SF武器灯改,0.142,0.006,380645,540
008 日常（周年后修复）,10,10,10,10,1,5,309,专注芯片,0.159,0.006,380645,607
008 日常（周年后修复）,10,10,10,10,1,5,311,M200X LRF,0.000,0.000,380645,1
008 日常（周年后修复）,10,10,10,10,1,5,314,HD100脚架,0.000,0.000,380645,1
008 日常（周年后修复）,10,10,10,300,1,2,1,BM 3-12X40,3.589,0.313,3539,127
008 日常（周年后修复）,10,10,10,300,1,2,5,EOT 506,3.334,0.302,3539,118
008 日常（周年后修复）,10,10,10,300,1,2,9,AMP COMPM2,3.560,0.311,3539,126
008 日常（周年后修复）,10,10,10,300,1,2,13,PEQ-2,4.323,0.342,3539,153
008 日常（周年后修复）,10,10,10,300,1,2,37,IOP T1外骨骼,2.684,0.272,3539,95
008 日常（周年后修复）,10,10,10,300,1,2,55,IOP X1外骨骼,2.458,0.260,3539,87
008 日常（周年后修复）,10,10,10,300,1,2,63,AC1消音器,4.747,0.357,3539,168
008 日常（周年后修复）,10,10,10,300,1,2,87,破旧披风,5.736,0.391,3539,203
008 日常（周年后修复）,10,10,10,300,1,3,2,LRA 2-12x50,1.921,0.231,3539,68
008 日常（周年后修复）,10,10,10,300,1,3,6,EOT 512,2.147,0.244,3539,76
008 日常（周年后修复）,10,10,10,300,1,3,10,AMP COMPM4,2.204,0.247,3539,78
008 日常（周年后修复）,10,10,10,300,1,3,14,PEQ-5,1.837,0.226,3539,65
008 日常（周年后修复）,10,10,10,300,1,3,38,IOP T2外骨骼,1.611,0.212,3539,57
008 日常（周年后修复）,10,10,10,300,1,3,42,Type1防弹插板,3.786,0.321,3539,134
008 日常（周年后修复）,10,10,10,300,1,3,56,IOP X2外骨骼,1.215,0.184,3539,43
008 日常（周年后修复）,10,10,10,300,1,3,64,AC2消音器,2.656,0.270,3539,94
008 日常（周年后修复）,10,10,10,300,1,3,88,伪装披风,2.939,0.284,3539,104
008 日常（周年后修复）,10,10,10,300,1,3,222,RMR红点,5.256,0.375,3539,186
008 日常（周年后修复）,10,10,10,300,1,3,232,试制运算芯片,3.023,0.288,3539,107
008 日常（周年后修复）,10,10,10,300,1,4,3,PSO-1,2.204,0.247,3539,78
008 日常（周年后修复）,10,10,10,300,1,4,7,EOT 516,1.808,0.224,3539,64
008 日常（周年后修复）,10,10,10,300,1,4,11,COG M150,1.752,0.221,3539,62
008 日常（周年后修复）,10,10,10,300,1,4,15,PEQ-15,1.808,0.224,3539,64
008 日常（周年后修复）,10,10,10,300,1,4,39,IOP T3外骨骼,1.639,0.213,3539,58
008 日常（周年后修复）,10,10,10,300,1,4,43,Type2防弹插板,3.165,0.294,3539,112
008 日常（周年后修复）,10,10,10,300,1,4,57,IOP X3外骨骼,1.554,0.208,3539,55
008 日常（周年后修复）,10,10,10,300,1,4,65,AC3消音器,2.317,0.253,3539,82
008 日常（周年后修复）,10,10,10,300,1,4,67,IOP大容量弹链箱,5.312,0.377,3539,188
008 日常（周年后修复）,10,10,10,300,1,4,75,#00猎鹿弹,0.028,0.028,3539,1
008 日常（周年后修复）,10,10,10,300,1,4,79,WAD独头弹,0.028,0.028,3539,1
008 日常（周年后修复）,10,10,10,300,1,4,89,城市迷彩披风,3.221,0.297,3539,114
008 日常（周年后修复）,10,10,10,300,1,4,223,RMR T2红点,5.171,0.372,3539,183
008 日常（周年后修复）,10,10,10,300,1,4,233,#1运算芯片,2.684,0.272,3539,95
008 日常（周年后修复）,10,10,10,300,1,5,4,VFL 6-24X56,0.226,0.080,3539,8
008 日常（周年后修复）,10,10,10,300,1,5,8,EOT 518,0.480,0.116,3539,17
008 日常（周年后修复）,10,10,10,300,1,5,12,ITI MARS,0.424,0.109,3539,15
008 日常（周年后修复）,10,10,10,300,1,5,16,PEQ-16A,0.452,0.113,3539,16
008 日常（周年后修复）,10,10,10,300,1,5,40,IOP T4外骨骼,0.396,0.106,3539,14
008 日常（周年后修复）,10,10,10,300,1,5,44,Type3防弹插板,0.876,0.157,3539,31
008 日常（周年后修复）,10,10,10,300,1,5,58,IOP X4外骨骼,0.396,0.106,3539,14
008 日常（周年后修复）,10,10,10,300,1,5,66,AC4消音器,0.932,0.162,3539,33
008 日常（周年后修复）,10,10,10,300,1,5,68,IOP极限弹链箱,0.791,0.149,3539,28
008 日常（周年后修复）,10,10,10,300,1,5,90,热光学迷彩披风,0.622,0.132,3539,22
008 日常（周年后修复）,10,10,10,300,1,5,224,RMR T4红点,0.932,0.162,3539,33
008 日常（周年后修复）,10,10,10,300,1,5,234,#2运算芯片,0.678,0.138,3539,24
008 日常（周年后修复）,10,10,10,300,1,5,305,SF武器灯改,0.480,0.116,3539,17
008 日常（周年后修复）,10,10,10,300,1,5,309,专注芯片,0.565,0.126,3539,20
008 日常（周年后修复）,10,10,10,300,1,5,314,HD100脚架,0.028,0.028,3539,1
008 日常（周年后修复）,10,150,90,100,0,2,17,M61穿甲弹,36.375,0.238,40717,14811
008 日常（周年后修复）,10,150,90,100,0,3,18,M993穿甲弹,36.292,0.238,40717,14777
008 日常（周年后修复）,10,150,90,100,0,4,19,Mk169穿甲弹,11.089,0.156,40717,4515
008 日常（周年后修复）,10,150,90,100,0,4,226,M33狙击弹,10.846,0.154,40717,4416
008 日常（周年后修复）,10,150,90,100,0,5,20,Mk211高爆穿甲弹,2.650,0.080,40717,1079
008 日常（周年后修复）,10,150,90,100,0,5,227,M1022狙击弹,2.748,0.081,40717,1119
008 日常（周年后修复）,10,150,90,100,1,2,1,BM 3-12X40,0.308,0.031,31817,98
008 日常（周年后修复）,10,150,90,100,1,2,5,EOT 506,0.280,0.030,31817,89
008 日常（周年后修复）,10,150,90,100,1,2,9,AMP COMPM2,0.349,0.033,31817,111
008 日常（周年后修复）,10,150,90,100,1,2,13,PEQ-2,0.377,0.034,31817,120
008 日常（周年后修复）,10,150,90,100,1,2,17,M61穿甲弹,28.475,0.253,31817,9060
008 日常（周年后修复）,10,150,90,100,1,2,29,FMJ高速弹,1.641,0.071,31817,522
008 日常（周年后修复）,10,150,90,100,1,2,37,IOP T1外骨骼,0.421,0.036,31817,134
008 日常（周年后修复）,10,150,90,100,1,2,55,IOP X1外骨骼,0.387,0.035,31817,123
008 日常（周年后修复）,10,150,90,100,1,2,63,AC1消音器,0.437,0.037,31817,139
008 日常（周年后修复）,10,150,90,100,1,2,69,ILM空尖弹,0.569,0.042,31817,181
008 日常（周年后修复）,10,150,90,100,1,2,73,#1猎鹿弹,1.119,0.059,31817,356
008 日常（周年后修复）,10,150,90,100,1,2,77,BK独头弹,1.069,0.058,31817,340
008 日常（周年后修复）,10,150,90,100,1,2,87,破旧披风,0.374,0.034,31817,119
008 日常（周年后修复）,10,150,90,100,1,3,2,LRA 2-12x50,0.277,0.029,31817,88
008 日常（周年后修复）,10,150,90,100,1,3,6,EOT 512,0.311,0.031,31817,99
008 日常（周年后修复）,10,150,90,100,1,3,10,AMP COMPM4,0.324,0.032,31817,103
008 日常（周年后修复）,10,150,90,100,1,3,14,PEQ-5,0.368,0.034,31817,117
008 日常（周年后修复）,10,150,90,100,1,3,18,M993穿甲弹,26.806,0.248,31817,8529
008 日常（周年后修复）,10,150,90,100,1,3,30,JSP高速弹,1.637,0.071,31817,521
008 日常（周年后修复）,10,150,90,100,1,3,38,IOP T2外骨骼,0.358,0.033,31817,114
008 日常（周年后修复）,10,150,90,100,1,3,42,Type1防弹插板,1.194,0.061,31817,380
008 日常（周年后修复）,10,150,90,100,1,3,56,IOP X2外骨骼,0.283,0.030,31817,90
008 日常（周年后修复）,10,150,90,100,1,3,64,AC2消音器,0.481,0.039,31817,153
008 日常（周年后修复）,10,150,90,100,1,3,70,ILM空尖弹,0.522,0.040,31817,166
008 日常（周年后修复）,10,150,90,100,1,3,74,#0猎鹿弹,1.207,0.061,31817,384
008 日常（周年后修复）,10,150,90,100,1,3,78,FST独头弹,1.194,0.061,31817,380
008 日常（周年后修复）,10,150,90,100,1,3,88,伪装披风,0.377,0.034,31817,120
008 日常（周年后修复）,10,150,90,100,1,3,222,RMR红点,0.861,0.052,31817,274
008 日常（周年后修复）,10,150,90,100,1,3,232,试制运算芯片,0.673,0.046,31817,214
008 日常（周年后修复）,10,150,90,100,1,4,3,PSO-1,0.085,0.016,31817,27
008 日常（周年后修复）,10,150,90,100,1,4,7,EOT 516,0.094,0.017,31817,30
008 日常（周年后修复）,10,150,90,100,1,4,11,COG M150,0.104,0.018,31817,33
008 日常（周年后修复）,10,150,90,100,1,4,15,PEQ-15,0.085,0.016,31817,27
008 日常（周年后修复）,10,150,90,100,1,4,19,Mk169穿甲弹,9.146,0.162,31817,2910
008 日常（周年后修复）,10,150,90,100,1,4,31,JHP高速弹,0.597,0.043,31817,190
008 日常（周年后修复）,10,150,90,100,1,4,39,IOP T3外骨骼,0.129,0.020,31817,41
008 日常（周年后修复）,10,150,90,100,1,4,43,Type2防弹插板,0.399,0.035,31817,127
008 日常（周年后修复）,10,150,90,100,1,4,57,IOP X3外骨骼,0.091,0.017,31817,29
008 日常（周年后修复）,10,150,90,100,1,4,65,AC3消音器,0.091,0.017,31817,29
008 日常（周年后修复）,10,150,90,100,1,4,71,ILM空尖弹,0.182,0.024,31817,58
008 日常（周年后修复）,10,150,90,100,1,4,75,#00猎鹿弹,0.412,0.036,31817,131
008 日常（周年后修复）,10,150,90,100,1,4,79,WAD独头弹,0.380,0.035,31817,121
008 日常（周年后修复）,10,150,90,100,1,4,89,城市迷彩披风,0.129,0.020,31817,41
008 日常（周年后修复）,10,150,90,100,1,4,223,RMR T2红点,0.261,0.029,31817,83
008 日常（周年后修复）,10,150,90,100,1,4,226,M33狙击弹,9.127,0.161,31817,2904
008 日常（周年后修复）,10,150,90,100,1,4,228,Mk900SLAP,0.182,0.024,31817,58
008 日常（周年后修复）,10,150,90,100,1,4,230,#6鸟弹,0.396,0.035,31817,126
008 日常（周年后修复）,10,150,90,100,1,4,233,#1运算芯片,0.192,0.025,31817,61
008 日常（周年后修复）,10,150,90,100,1,5,4,VFL 6-24X56,0.025,0.009,31817,8
008 日常（周年后修复）,10,150,90,100,1,5,8,EOT 518,0.013,0.006,31817,4
008 日常（周年后修复）,10,150,90,100,1,5,12,ITI MARS,0.022,0.008,31817,7
008 日常（周年后修复）,10,150,90,100,1,5,16,PEQ-16A,0.013,0.006,31817,4
008 日常（周年后修复）,10,150,90,100,1,5,20,Mk211高爆穿甲弹,2.093,0.080,31817,666
008 日常（周年后修复）,10,150,90,100,1,5,32,APCR高速弹,0.138,0.021,31817,44
008 日常（周年后修复）,10,150,90,100,1,5,40,IOP T4外骨骼,0.025,0.009,31817,8
008 日常（周年后修复）,10,150,90,100,1,5,44,Type3防弹插板,0.072,0.015,31817,23
008 日常（周年后修复）,10,150,90,100,1,5,58,IOP X4外骨骼,0.022,0.008,31817,7
008 日常（周年后修复）,10,150,90,100,1,5,66,AC4消音器,0.066,0.014,31817,21
008 日常（周年后修复）,10,150,90,100,1,5,72,ILM空尖弹,0.060,0.014,31817,19
008 日常（周年后修复）,10,150,90,100,1,5,76,#000猎鹿弹,0.116,0.019,31817,37
008 日常（周年后修复）,10,150,90,100,1,5,80,SABOT独头弹,0.101,0.018,31817,32
008 日常（周年后修复）,10,150,90,100,1,5,90,热光学迷彩披风,0.025,0.009,31817,8
008 日常（周年后修复）,10,150,90,100,1,5,224,RMR T4红点,0.053,0.013,31817,17
008 日常（周年后修复）,10,150,90,100,1,5,225,信号弹,0.041,0.011,31817,13
008 日常（周年后修复）,10,150,90,100,1,5,227,M1022狙击弹,2.090,0.080,31817,665
008 日常（周年后修复）,10,150,90,100,1,5,229,Mk1000SLAP,0.031,0.010,31817,10
008 日常（周年后修复）,10,150,90,100,1,5,231,#7.5鸟弹,0.075,0.015,31817,24
008 日常（周年后修复）,10,150,90,100,1,5,234,#2运算芯片,0.041,0.011,31817,13
008 日常（周年后修复）,10,150,90,100,1,5,235,霰弹用闪光弹,0.050,0.013,31817,16
008 日常（周年后修复）,10,150,90,100,1,5,305,SF武器灯改,0.025,0.009,31817,8
008 日常（周年后修复）,10,150,90,100,1,5,309,专注芯片,0.041,0.011,31817,13
008 日常（周年后修复）,10,230,120,80,0,2,29,FMJ高速弹,36.094,0.266,32609,11770
008 日常（周年后修复）,10,230,120,80,0,3,30,JSP高速弹,35.794,0.265,32609,11672
008 日常（周年后修复）,10,230,120,80,0,4,31,JHP高速弹,23.058,0.233,32609,7519
008 日常（周年后修复）,10,230,120,80,0,5,32,APCR高速弹,5.054,0.121,32609,1648
008 日常（周年后修复）,10,230,120,80,1,2,1,BM 3-12X40,0.354,0.032,34760,123
008 日常（周年后修复）,10,230,120,80,1,2,5,EOT 506,0.302,0.029,34760,105
008 日常（周年后修复）,10,230,120,80,1,2,9,AMP COMPM2,0.288,0.029,34760,100
008 日常（周年后修复）,10,230,120,80,1,2,13,PEQ-2,0.403,0.034,34760,140
008 日常（周年后修复）,10,230,120,80,1,2,17,M61穿甲弹,1.631,0.068,34760,567
008 日常（周年后修复）,10,230,120,80,1,2,29,FMJ高速弹,29.531,0.245,34760,10265
008 日常（周年后修复）,10,230,120,80,1,2,37,IOP T1外骨骼,0.230,0.026,34760,80
008 日常（周年后修复）,10,230,120,80,1,2,55,IOP X1外骨骼,0.227,0.026,34760,79
008 日常（周年后修复）,10,230,120,80,1,2,63,AC1消音器,0.345,0.031,34760,120
008 日常（周年后修复）,10,230,120,80,1,2,69,ILM空尖弹,0.673,0.044,34760,234
008 日常（周年后修复）,10,230,120,80,1,2,73,#1猎鹿弹,0.693,0.045,34760,241
008 日常（周年后修复）,10,230,120,80,1,2,77,BK独头弹,0.685,0.044,34760,238
008 日常（周年后修复）,10,230,120,80,1,2,87,破旧披风,0.457,0.036,34760,159
008 日常（周年后修复）,10,230,120,80,1,3,2,LRA 2-12x50,0.311,0.030,34760,108
008 日常（周年后修复）,10,230,120,80,1,3,6,EOT 512,0.227,0.026,34760,79
008 日常（周年后修复）,10,230,120,80,1,3,10,AMP COMPM4,0.262,0.027,34760,91
008 日常（周年后修复）,10,230,120,80,1,3,14,PEQ-5,0.331,0.031,34760,115
008 日常（周年后修复）,10,230,120,80,1,3,18,M993穿甲弹,1.484,0.065,34760,516
008 日常（周年后修复）,10,230,120,80,1,3,30,JSP高速弹,28.162,0.241,34760,9789
008 日常（周年后修复）,10,230,120,80,1,3,38,IOP T2外骨骼,0.239,0.026,34760,83
008 日常（周年后修复）,10,230,120,80,1,3,42,Type1防弹插板,0.621,0.042,34760,216
008 日常（周年后修复）,10,230,120,80,1,3,56,IOP X2外骨骼,0.227,0.026,34760,79
008 日常（周年后修复）,10,230,120,80,1,3,64,AC2消音器,0.342,0.031,34760,119
008 日常（周年后修复）,10,230,120,80,1,3,70,ILM空尖弹,0.598,0.041,34760,208
008 日常（周年后修复）,10,230,120,80,1,3,74,#0猎鹿弹,0.633,0.043,34760,220
008 日常（周年后修复）,10,230,120,80,1,3,78,FST独头弹,0.526,0.039,34760,183
008 日常（周年后修复）,10,230,120,80,1,3,88,伪装披风,0.429,0.035,34760,149
008 日常（周年后修复）,10,230,120,80,1,3,222,RMR红点,0.696,0.045,34760,242
008 日常（周年后修复）,10,230,120,80,1,3,232,试制运算芯片,0.512,0.038,34760,178
008 日常（周年后修复）,10,230,120,80,1,3,306,Mk3喉缩管,0.009,0.005,34760,3
008 日常（周年后修复）,10,230,120,80,1,3,312,HD50脚架,0.003,0.003,34760,1
008 日常（周年后修复）,10,230,120,80,1,4,3,PSO-1,0.181,0.023,34760,63
008 日常（周年后修复）,10,230,120,80,1,4,7,EOT 516,0.135,0.020,34760,47
008 日常（周年后修复）,10,230,120,80,1,4,11,COG M150,0.158,0.021,34760,55
008 日常（周年后修复）,10,230,120,80,1,4,15,PEQ-15,0.187,0.023,34760,65
008 日常（周年后修复）,10,230,120,80,1,4,19,Mk169穿甲弹,0.857,0.049,34760,298
008 日常（周年后修复）,10,230,120,80,1,4,31,JHP高速弹,16.600,0.200,34760,5770
008 日常（周年后修复）,10,230,120,80,1,4,39,IOP T3外骨骼,0.150,0.021,34760,52
008 日常（周年后修复）,10,230,120,80,1,4,43,Type2防弹插板,0.397,0.034,34760,138
008 日常（周年后修复）,10,230,120,80,1,4,57,IOP X3外骨骼,0.150,0.021,34760,52
008 日常（周年后修复）,10,230,120,80,1,4,65,AC3消音器,0.204,0.024,34760,71
008 日常（周年后修复）,10,230,120,80,1,4,71,ILM空尖弹,0.351,0.032,34760,122
008 日常（周年后修复）,10,230,120,80,1,4,75,#00猎鹿弹,0.325,0.031,34760,113
008 日常（周年后修复）,10,230,120,80,1,4,79,WAD独头弹,0.400,0.034,34760,139
008 日常（周年后修复）,10,230,120,80,1,4,89,城市迷彩披风,0.293,0.029,34760,102
008 日常（周年后修复）,10,230,120,80,1,4,223,RMR T2红点,0.501,0.038,34760,174
008 日常（周年后修复）,10,230,120,80,1,4,226,M33狙击弹,0.929,0.051,34760,323
008 日常（周年后修复）,10,230,120,80,1,4,228,Mk900SLAP,0.273,0.028,34760,95
008 日常（周年后修复）,10,230,120,80,1,4,230,#6鸟弹,0.374,0.033,34760,130
008 日常（周年后修复）,10,230,120,80,1,4,233,#1运算芯片,0.276,0.028,34760,96
008 日常（周年后修复）,10,230,120,80,1,4,310,M1050 LRF,0.501,0.038,34760,174
008 日常（周年后修复）,10,230,120,80,1,5,4,VFL 6-24X56,0.043,0.011,34760,15
008 日常（周年后修复）,10,230,120,80,1,5,8,EOT 518,0.026,0.009,34760,9
008 日常（周年后修复）,10,230,120,80,1,5,12,ITI MARS,0.055,0.013,34760,19
008 日常（周年后修复）,10,230,120,80,1,5,16,PEQ-16A,0.023,0.008,34760,8
008 日常（周年后修复）,10,230,120,80,1,5,20,Mk211高爆穿甲弹,0.199,0.024,34760,69
008 日常（周年后修复）,10,230,120,80,1,5,32,APCR高速弹,3.708,0.101,34760,1289
008 日常（周年后修复）,10,230,120,80,1,5,40,IOP T4外骨骼,0.040,0.011,34760,14
008 日常（周年后修复）,10,230,120,80,1,5,44,Type3防弹插板,0.098,0.017,34760,34
008 日常（周年后修复）,10,230,120,80,1,5,58,IOP X4外骨骼,0.040,0.011,34760,14
008 日常（周年后修复）,10,230,120,80,1,5,66,AC4消音器,0.083,0.015,34760,29
008 日常（周年后修复）,10,230,120,80,1,5,72,ILM空尖弹,0.083,0.015,34760,29
008 日常（周年后修复）,10,230,120,80,1,5,76,#000猎鹿弹,0.055,0.013,34760,19
008 日常（周年后修复）,10,230,120,80,1,5,80,SABOT独头弹,0.069,0.014,34760,24
008 日常（周年后修复）,10,230,120,80,1,5,90,热光学迷彩披风,0.043,0.011,34760,15
008 日常（周年后修复）,10,230,120,80,1,5,224,RMR T4红点,0.089,0.016,34760,31
008 日常（周年后修复）,10,230,120,80,1,5,225,信号弹,0.029,0.009,34760,10
008 日常（周年后修复）,10,230,120,80,1,5,227,M1022狙击弹,0.158,0.021,34760,55
008 日常（周年后修复）,10,230,120,80,1,5,229,Mk1000SLAP,0.066,0.014,34760,23
008 日常（周年后修复）,10,230,120,80,1,5,231,#7.5鸟弹,0.083,0.015,34760,29
008 日常（周年后修复）,10,230,120,80,1,5,234,#2运算芯片,0.063,0.013,34760,22
008 日常（周年后修复）,10,230,120,80,1,5,235,霰弹用闪光弹,0.055,0.013,34760,19
008 日常（周年后修复）,10,230,120,80,1,5,305,SF武器灯改,0.029,0.009,34760,10
008 日常（周年后修复）,10,230,120,80,1,5,309,专注芯片,0.066,0.014,34760,23
008 日常（周年后修复）,10,230,120,80,1,5,311,M200X LRF,0.121,0.019,34760,42
008 日常（周年后修复）,10,300,10,10,0,4,228,Mk900SLAP,91.051,0.168,28988,26394
008 日常（周年后修复）,10,300,10,10,0,5,229,Mk1000SLAP,8.949,0.168,28988,2594
008 日常（周年后修复）,10,300,10,10,1,2,1,BM 3-12X40,2.643,0.113,19981,528
008 日常（周年后修复）,10,300,10,10,1,2,5,EOT 506,2.592,0.112,19981,518
008 日常（周年后修复）,10,300,10,10,1,2,9,AMP COMPM2,2.332,0.107,19981,466
008 日常（周年后修复）,10,300,10,10,1,2,13,PEQ-2,2.267,0.105,19981,453
008 日常（周年后修复）,10,300,10,10,1,2,17,M61穿甲弹,4.319,0.144,19981,863
008 日常（周年后修复）,10,300,10,10,1,2,29,FMJ高速弹,6.136,0.170,19981,1226
008 日常（周年后修复）,10,300,10,10,1,2,37,IOP T1外骨骼,1.311,0.080,19981,262
008 日常（周年后修复）,10,300,10,10,1,2,55,IOP X1外骨骼,1.191,0.077,19981,238
008 日常（周年后修复）,10,300,10,10,1,2,63,AC1消音器,2.768,0.116,19981,553
008 日常（周年后修复）,10,300,10,10,1,2,69,ILM空尖弹,4.925,0.153,19981,984
008 日常（周年后修复）,10,300,10,10,1,2,73,#1猎鹿弹,3.128,0.123,19981,625
008 日常（周年后修复）,10,300,10,10,1,2,77,BK独头弹,2.963,0.120,19981,592
008 日常（周年后修复）,10,300,10,10,1,2,87,破旧披风,3.193,0.124,19981,638
008 日常（周年后修复）,10,300,10,10,1,3,2,LRA 2-12x50,1.942,0.098,19981,388
008 日常（周年后修复）,10,300,10,10,1,3,6,EOT 512,1.932,0.097,19981,386
008 日常（周年后修复）,10,300,10,10,1,3,10,AMP COMPM4,2.102,0.101,19981,420
008 日常（周年后修复）,10,300,10,10,1,3,14,PEQ-5,1.902,0.097,19981,380
008 日常（周年后修复）,10,300,10,10,1,3,18,M993穿甲弹,3.138,0.123,19981,627
008 日常（周年后修复）,10,300,10,10,1,3,30,JSP高速弹,5.255,0.158,19981,1050
008 日常（周年后修复）,10,300,10,10,1,3,38,IOP T2外骨骼,0.961,0.069,19981,192
008 日常（周年后修复）,10,300,10,10,1,3,42,Type1防弹插板,2.162,0.103,19981,432
008 日常（周年后修复）,10,300,10,10,1,3,56,IOP X2外骨骼,1.006,0.071,19981,201
008 日常（周年后修复）,10,300,10,10,1,3,64,AC2消音器,2.177,0.103,19981,435
008 日常（周年后修复）,10,300,10,10,1,3,70,ILM空尖弹,3.984,0.138,19981,796
008 日常（周年后修复）,10,300,10,10,1,3,74,#0猎鹿弹,2.437,0.109,19981,487
008 日常（周年后修复）,10,300,10,10,1,3,78,FST独头弹,2.663,0.114,19981,532
008 日常（周年后修复）,10,300,10,10,1,3,88,伪装披风,2.512,0.111,19981,502
008 日常（周年后修复）,10,300,10,10,1,3,222,RMR红点,3.353,0.127,19981,670
008 日常（周年后修复）,10,300,10,10,1,3,232,试制运算芯片,2.963,0.120,19981,592
008 日常（周年后修复）,10,300,10,10,1,3,312,HD50脚架,0.010,0.007,19981,2
008 日常（周年后修复）,10,300,10,10,1,4,3,PSO-1,0.135,0.026,19981,27
008 日常（周年后修复）,10,300,10,10,1,4,7,EOT 516,0.165,0.029,19981,33
008 日常（周年后修复）,10,300,10,10,1,4,11,COG M150,0.140,0.026,19981,28
008 日常（周年后修复）,10,300,10,10,1,4,15,PEQ-15,0.110,0.023,19981,22
008 日常（周年后修复）,10,300,10,10,1,4,19,Mk169穿甲弹,0.275,0.037,19981,55
008 日常（周年后修复）,10,300,10,10,1,4,31,JHP高速弹,0.325,0.040,19981,65
008 日常（周年后修复）,10,300,10,10,1,4,39,IOP T3外骨骼,0.090,0.021,19981,18
008 日常（周年后修复）,10,300,10,10,1,4,43,Type2防弹插板,0.160,0.028,19981,32
008 日常（周年后修复）,10,300,10,10,1,4,57,IOP X3外骨骼,0.060,0.017,19981,12
008 日常（周年后修复）,10,300,10,10,1,4,65,AC3消音器,0.155,0.028,19981,31
008 日常（周年后修复）,10,300,10,10,1,4,71,ILM空尖弹,0.320,0.040,19981,64
008 日常（周年后修复）,10,300,10,10,1,4,75,#00猎鹿弹,0.150,0.027,19981,30
008 日常（周年后修复）,10,300,10,10,1,4,79,WAD独头弹,0.180,0.030,19981,36
008 日常（周年后修复）,10,300,10,10,1,4,89,城市迷彩披风,0.185,0.030,19981,37
008 日常（周年后修复）,10,300,10,10,1,4,223,RMR T2红点,0.305,0.039,19981,61
008 日常（周年后修复）,10,300,10,10,1,4,226,M33狙击弹,0.245,0.035,19981,49
008 日常（周年后修复）,10,300,10,10,1,4,228,Mk900SLAP,12.647,0.235,19981,2527
008 日常（周年后修复）,10,300,10,10,1,4,230,#6鸟弹,0.210,0.032,19981,42
008 日常（周年后修复）,10,300,10,10,1,4,233,#1运算芯片,0.300,0.039,19981,60
008 日常（周年后修复）,10,300,10,10,1,5,4,VFL 6-24X56,0.015,0.009,19981,3
008 日常（周年后修复）,10,300,10,10,1,5,8,EOT 518,0.030,0.012,19981,6
008 日常（周年后修复）,10,300,10,10,1,5,12,ITI MARS,0.040,0.014,19981,8
008 日常（周年后修复）,10,300,10,10,1,5,16,PEQ-16A,0.015,0.009,19981,3
008 日常（周年后修复）,10,300,10,10,1,5,20,Mk211高爆穿甲弹,0.055,0.017,19981,11
008 日常（周年后修复）,10,300,10,10,1,5,32,APCR高速弹,0.075,0.019,19981,15
008 日常（周年后修复）,10,300,10,10,1,5,40,IOP T4外骨骼,0.005,0.005,19981,1
008 日常（周年后修复）,10,300,10,10,1,5,44,Type3防弹插板,0.025,0.011,19981,5
008 日常（周年后修复）,10,300,10,10,1,5,58,IOP X4外骨骼,0.010,0.007,19981,2
008 日常（周年后修复）,10,300,10,10,1,5,66,AC4消音器,0.075,0.019,19981,15
008 日常（周年后修复）,10,300,10,10,1,5,72,ILM空尖弹,0.050,0.016,19981,10
008 日常（周年后修复）,10,300,10,10,1,5,76,#000猎鹿弹,0.055,0.017,19981,11
008 日常（周年后修复）,10,300,10,10,1,5,80,SABOT独头弹,0.020,0.010,19981,4
008 日常（周年后修复）,10,300,10,10,1,5,90,热光学迷彩披风,0.040,0.014,19981,8
008 日常（周年后修复）,10,300,10,10,1,5,224,RMR T4红点,0.080,0.020,19981,16
008 日常（周年后修复）,10,300,10,10,1,5,225,信号弹,0.025,0.011,19981,5
008 日常（周年后修复）,10,300,10,10,1,5,227,M1022狙击弹,0.055,0.017,19981,11
008 日常（周年后修复）,10,300,10,10,1,5,229,Mk1000SLAP,2.698,0.115,19981,539
008 日常（周年后修复）,10,300,10,10,1,5,231,#7.5鸟弹,0.055,0.017,19981,11
008 日常（周年后修复）,10,300,10,10,1,5,234,#2运算芯片,0.060,0.017,19981,12
008 日常（周年后修复）,10,300,10,10,1,5,235,霰弹用闪光弹,0.035,0.013,19981,7
008 日常（周年后修复）,10,300,10,10,1,5,305,SF武器灯改,0.020,0.010,19981,4
008 日常（周年后修复）,10,300,10,10,1,5,309,专注芯片,0.035,0.013,19981,7
008 日常（周年后修复）,30,30,30,200,0,4,67,IOP大容量弹链箱,84.538,0.300,14558,12307
008 日常（周年后修复）,30,30,30,200,0,5,68,IOP极限弹链箱,15.462,0.300,14558,2251
008 日常（周年后修复）,30,30,30,200,1,2,1,BM 3-12X40,3.936,0.167,13594,535
008 日常（周年后修复）,30,30,30,200,1,2,5,EOT 506,3.862,0.165,13594,525
008 日常（周年后修复）,30,30,30,200,1,2,9,AMP COMPM2,3.965,0.167,13594,539
008 日常（周年后修复）,30,30,30,200,1,2,13,PEQ-2,4.009,0.168,13594,545
008 日常（周年后修复）,30,30,30,200,1,2,37,IOP T1外骨骼,3.928,0.167,13594,534
008 日常（周年后修复）,30,30,30,200,1,2,55,IOP X1外骨骼,3.612,0.160,13594,491
008 日常（周年后修复）,30,30,30,200,1,2,63,AC1消音器,5.179,0.190,13594,704
008 日常（周年后修复）,30,30,30,200,1,2,87,破旧披风,5.620,0.198,13594,764
008 日常（周年后修复）,30,30,30,200,1,3,2,LRA 2-12x50,2.236,0.127,13594,304
008 日常（周年后修复）,30,30,30,200,1,3,6,EOT 512,2.001,0.120,13594,272
008 日常（周年后修复）,30,30,30,200,1,3,10,AMP COMPM4,2.288,0.128,13594,311
008 日常（周年后修复）,30,30,30,200,1,3,14,PEQ-5,2.494,0.134,13594,339
008 日常（周年后修复）,30,30,30,200,1,3,38,IOP T2外骨骼,1.994,0.120,13594,271
008 日常（周年后修复）,30,30,30,200,1,3,42,Type1防弹插板,4.877,0.185,13594,663
008 日常（周年后修复）,30,30,30,200,1,3,56,IOP X2外骨骼,1.964,0.119,13594,267
008 日常（周年后修复）,30,30,30,200,1,3,64,AC2消音器,3.237,0.152,13594,440
008 日常（周年后修复）,30,30,30,200,1,3,88,伪装披风,3.215,0.151,13594,437
008 日常（周年后修复）,30,30,30,200,1,3,222,RMR红点,5.811,0.201,13594,790
008 日常（周年后修复）,30,30,30,200,1,3,232,试制运算芯片,3.708,0.162,13594,504
008 日常（周年后修复）,30,30,30,200,1,4,3,PSO-1,0.280,0.045,13594,38
008 日常（周年后修复）,30,30,30,200,1,4,7,EOT 516,0.272,0.045,13594,37
008 日常（周年后修复）,30,30,30,200,1,4,11,COG M150,0.272,0.045,13594,37
008 日常（周年后修复）,30,30,30,200,1,4,15,PEQ-15,0.324,0.049,13594,44
008 日常（周年后修复）,30,30,30,200,1,4,39,IOP T3外骨骼,0.184,0.037,13594,25
008 日常（周年后修复）,30,30,30,200,1,4,43,Type2防弹插板,0.544,0.063,13594,74
008 日常（周年后修复）,30,30,30,200,1,4,57,IOP X3外骨骼,0.235,0.042,13594,32
008 日常（周年后修复）,30,30,30,200,1,4,65,AC3消音器,0.405,0.054,13594,55
008 日常（周年后修复）,30,30,30,200,1,4,67,IOP大容量弹链箱,22.201,0.356,13594,3018
008 日常（周年后修复）,30,30,30,200,1,4,89,城市迷彩披风,0.331,0.049,13594,45
008 日常（周年后修复）,30,30,30,200,1,4,223,RMR T2红点,0.537,0.063,13594,73
008 日常（周年后修复）,30,30,30,200,1,4,233,#1运算芯片,0.427,0.056,13594,58
008 日常（周年后修复）,30,30,30,200,1,5,4,VFL 6-24X56,0.051,0.019,13594,7
008 日常（周年后修复）,30,30,30,200,1,5,8,EOT 518,0.059,0.021,13594,8
008 日常（周年后修复）,30,30,30,200,1,5,12,ITI MARS,0.066,0.022,13594,9
008 日常（周年后修复）,30,30,30,200,1,5,16,PEQ-16A,0.037,0.016,13594,5
008 日常（周年后修复）,30,30,30,200,1,5,40,IOP T4外骨骼,0.066,0.022,13594,9
008 日常（周年后修复）,30,30,30,200,1,5,44,Type3防弹插板,0.199,0.038,13594,27
008 日常（周年后修复）,30,30,30,200,1,5,58,IOP X4外骨骼,0.074,0.023,13594,10
008 日常（周年后修复）,30,30,30,200,1,5,66,AC4消音器,0.154,0.034,13594,21
008 日常（周年后修复）,30,30,30,200,1,5,68,IOP极限弹链箱,4.862,0.184,13594,661
008 日常（周年后修复）,30,30,30,200,1,5,90,热光学迷彩披风,0.066,0.022,13594,9
008 日常（周年后修复）,30,30,30,200,1,5,224,RMR T4红点,0.184,0.037,13594,25
008 日常（周年后修复）,30,30,30,200,1,5,234,#2运算芯片,0.088,0.025,13594,12
008 日常（周年后修复）,30,30,30,200,1,5,305,SF武器灯改,0.059,0.021,13594,8
008 日常（周年后修复）,30,30,30,200,1,5,309,专注芯片,0.088,0.025,13594,12
008 日常（周年后修复）,30,150,30,130,0,2,73,#1猎鹿弹,15.266,0.158,52121,7957
008 日常（周年后修复）,30,150,30,130,0,2,77,BK独头弹,15.460,0.158,52121,8058
008 日常（周年后修复）,30,150,30,130,0,3,74,#0猎鹿弹,15.650,0.159,52121,8157
008 日常（周年后修复）,30,150,30,130,0,3,78,FST独头弹,15.639,0.159,52121,8151
008 日常（周年后修复）,30,150,30,130,0,4,75,#00猎鹿弹,9.983,0.131,52121,5203
008 日常（周年后修复）,30,150,30,130,0,4,79,WAD独头弹,10.038,0.132,52121,5232
008 日常（周年后修复）,30,150,30,130,0,4,230,#6鸟弹,10.234,0.133,52121,5334
008 日常（周年后修复）,30,150,30,130,0,5,76,#000猎鹿弹,1.944,0.060,52121,1013
008 日常（周年后修复）,30,150,30,130,0,5,80,SABOT独头弹,1.842,0.059,52121,960
008 日常（周年后修复）,30,150,30,130,0,5,231,#7.5鸟弹,1.968,0.061,52121,1026
008 日常（周年后修复）,30,150,30,130,0,5,235,霰弹用闪光弹,1.976,0.061,52121,1030
008 日常（周年后修复）,30,150,30,130,1,2,1,BM 3-12X40,0.164,0.022,33014,54
008 日常（周年后修复）,30,150,30,130,1,2,5,EOT 506,0.173,0.023,33014,57
008 日常（周年后修复）,30,150,30,130,1,2,9,AMP COMPM2,0.151,0.021,33014,50
008 日常（周年后修复）,30,150,30,130,1,2,13,PEQ-2,0.191,0.024,33014,63
008 日常（周年后修复）,30,150,30,130,1,2,17,M61穿甲弹,1.012,0.055,33014,334
008 日常（周年后修复）,30,150,30,130,1,2,29,FMJ高速弹,0.685,0.045,33014,226
008 日常（周年后修复）,30,150,30,130,1,2,37,IOP T1外骨骼,0.230,0.026,33014,76
008 日常（周年后修复）,30,150,30,130,1,2,55,IOP X1外骨骼,0.236,0.027,33014,78
008 日常（周年后修复）,30,150,30,130,1,2,63,AC1消音器,0.273,0.029,33014,90
008 日常（周年后修复）,30,150,30,130,1,2,69,ILM空尖弹,0.400,0.035,33014,132
008 日常（周年后修复）,30,150,30,130,1,2,73,#1猎鹿弹,15.294,0.198,33014,5049
008 日常（周年后修复）,30,150,30,130,1,2,77,BK独头弹,15.842,0.201,33014,5230
008 日常（周年后修复）,30,150,30,130,1,2,87,破旧披风,0.273,0.029,33014,90
008 日常（周年后修复）,30,150,30,130,1,3,2,LRA 2-12x50,0.142,0.021,33014,47
008 日常（周年后修复）,30,150,30,130,1,3,6,EOT 512,0.136,0.020,33014,45
008 日常（周年后修复）,30,150,30,130,1,3,10,AMP COMPM4,0.191,0.024,33014,63
008 日常（周年后修复）,30,150,30,130,1,3,14,PEQ-5,0.194,0.024,33014,64
008 日常（周年后修复）,30,150,30,130,1,3,18,M993穿甲弹,0.969,0.054,33014,320
008 日常（周年后修复）,30,150,30,130,1,3,30,JSP高速弹,0.576,0.042,33014,190
008 日常（周年后修复）,30,150,30,130,1,3,38,IOP T2外骨骼,0.248,0.027,33014,82
008 日常（周年后修复）,30,150,30,130,1,3,42,Type1防弹插板,0.415,0.035,33014,137
008 日常（周年后修复）,30,150,30,130,1,3,56,IOP X2外骨骼,0.273,0.029,33014,90
008 日常（周年后修复）,30,150,30,130,1,3,64,AC2消音器,0.227,0.026,33014,75
008 日常（周年后修复）,30,150,30,130,1,3,70,ILM空尖弹,0.385,0.034,33014,127
008 日常（周年后修复）,30,150,30,130,1,3,74,#0猎鹿弹,14.857,0.196,33014,4905
008 日常（周年后修复）,30,150,30,130,1,3,78,FST独头弹,15.187,0.198,33014,5014
008 日常（周年后修复）,30,150,30,130,1,3,88,伪装披风,0.194,0.024,33014,64
008 日常（周年后修复）,30,150,30,130,1,3,222,RMR红点,0.466,0.038,33014,154
008 日常（周年后修复）,30,150,30,130,1,3,232,试制运算芯片,0.421,0.036,33014,139
008 日常（周年后修复）,30,150,30,130,1,4,3,PSO-1,0.070,0.015,33014,23
008 日常（周年后修复）,30,150,30,130,1,4,7,EOT 516,0.103,0.018,33014,34
008 日常（周年后修复）,30,150,30,130,1,4,11,COG M150,0.088,0.016,33014,29
008 日常（周年后修复）,30,150,30,130,1,4,15,PEQ-15,0.082,0.016,33014,27
008 日常（周年后修复）,30,150,30,130,1,4,19,Mk169穿甲弹,0.445,0.037,33014,147
008 日常（周年后修复）,30,150,30,130,1,4,31,JHP高速弹,0.282,0.029,33014,93
008 日常（周年后修复）,30,150,30,130,1,4,39,IOP T3外骨骼,0.079,0.015,33014,26
008 日常（周年后修复）,30,150,30,130,1,4,43,Type2防弹插板,0.185,0.024,33014,61
008 日常（周年后修复）,30,150,30,130,1,4,57,IOP X3外骨骼,0.115,0.019,33014,38
008 日常（周年后修复）,30,150,30,130,1,4,65,AC3消音器,0.082,0.016,33014,27
008 日常（周年后修复）,30,150,30,130,1,4,71,ILM空尖弹,0.167,0.022,33014,55
008 日常（周年后修复）,30,150,30,130,1,4,75,#00猎鹿弹,6.985,0.140,33014,2306
008 日常（周年后修复）,30,150,30,130,1,4,79,WAD独头弹,7.094,0.141,33014,2342
008 日常（周年后修复）,30,150,30,130,1,4,89,城市迷彩披风,0.136,0.020,33014,45
008 日常（周年后修复）,30,150,30,130,1,4,223,RMR T2红点,0.154,0.022,33014,51
008 日常（周年后修复）,30,150,30,130,1,4,226,M33狙击弹,0.367,0.033,33014,121
008 日常（周年后修复）,30,150,30,130,1,4,228,Mk900SLAP,0.127,0.020,33014,42
008 日常（周年后修复）,30,150,30,130,1,4,230,#6鸟弹,7.067,0.141,33014,2333
008 日常（周年后修复）,30,150,30,130,1,4,233,#1运算芯片,0.167,0.022,33014,55
008 日常（周年后修复）,30,150,30,130,1,5,4,VFL 6-24X56,0.009,0.005,33014,3
008 日常（周年后修复）,30,150,30,130,1,5,8,EOT 518,0.012,0.006,33014,4
008 日常（周年后修复）,30,150,30,130,1,5,12,ITI MARS,0.027,0.009,33014,9
008 日常（周年后修复）,30,150,30,130,1,5,16,PEQ-16A,0.021,0.008,33014,7
008 日常（周年后修复）,30,150,30,130,1,5,20,Mk211高爆穿甲弹,0.094,0.017,33014,31
008 日常（周年后修复）,30,150,30,130,1,5,32,APCR高速弹,0.055,0.013,33014,18
008 日常（周年后修复）,30,150,30,130,1,5,40,IOP T4外骨骼,0.039,0.011,33014,13
008 日常（周年后修复）,30,150,30,130,1,5,44,Type3防弹插板,0.033,0.010,33014,11
008 日常（周年后修复）,30,150,30,130,1,5,58,IOP X4外骨骼,0.015,0.007,33014,5
008 日常（周年后修复）,30,150,30,130,1,5,66,AC4消音器,0.058,0.013,33014,19
008 日常（周年后修复）,30,150,30,130,1,5,72,ILM空尖弹,0.021,0.008,33014,7
008 日常（周年后修复）,30,150,30,130,1,5,76,#000猎鹿弹,1.648,0.070,33014,544
008 日常（周年后修复）,30,150,30,130,1,5,80,SABOT独头弹,1.557,0.068,33014,514
008 日常（周年后修复）,30,150,30,130,1,5,90,热光学迷彩披风,0.058,0.013,33014,19
008 日常（周年后修复）,30,150,30,130,1,5,224,RMR T4红点,0.051,0.012,33014,17
008 日常（周年后修复）,30,150,30,130,1,5,225,信号弹,0.018,0.007,33014,6
008 日常（周年后修复）,30,150,30,130,1,5,227,M1022狙击弹,0.106,0.018,33014,35
008 日常（周年后修复）,30,150,30,130,1,5,229,Mk1000SLAP,0.024,0.009,33014,8
008 日常（周年后修复）,30,150,30,130,1,5,231,#7.5鸟弹,1.542,0.068,33014,509
008 日常（周年后修复）,30,150,30,130,1,5,234,#2运算芯片,0.045,0.012,33014,15
008 日常（周年后修复）,30,150,30,130,1,5,235,霰弹用闪光弹,0.881,0.051,33014,291
008 日常（周年后修复）,30,150,30,130,1,5,305,SF武器灯改,0.027,0.009,33014,9
008 日常（周年后修复）,30,150,30,130,1,5,309,专注芯片,0.061,0.014,33014,20
008 日常（周年后修复）,50,50,100,100,0,3,42,Type1防弹插板,74.489,0.420,10760,8015
008 日常（周年后修复）,50,50,100,100,0,4,43,Type2防弹插板,20.520,0.389,10760,2208
008 日常（周年后修复）,50,50,100,100,0,5,44,Type3防弹插板,4.991,0.210,10760,537
008 日常（周年后修复）,50,50,100,100,1,2,1,BM 3-12X40,3.793,0.196,9543,362
008 日常（周年后修复）,50,50,100,100,1,2,5,EOT 506,4.055,0.202,9543,387
008 日常（周年后修复）,50,50,100,100,1,2,9,AMP COMPM2,3.814,0.196,9543,364
008 日常（周年后修复）,50,50,100,100,1,2,13,PEQ-2,5.313,0.230,9543,507
008 日常（周年后修复）,50,50,100,100,1,2,37,IOP T1外骨骼,5.218,0.228,9543,498
008 日常（周年后修复）,50,50,100,100,1,2,55,IOP X1外骨骼,4.852,0.220,9543,463
008 日常（周年后修复）,50,50,100,100,1,2,63,AC1消音器,5.554,0.234,9543,530
008 日常（周年后修复）,50,50,100,100,1,2,87,破旧披风,5.198,0.227,9543,496
008 日常（周年后修复）,50,50,100,100,1,3,2,LRA 2-12x50,0.293,0.055,9543,28
008 日常（周年后修复）,50,50,100,100,1,3,6,EOT 512,0.461,0.069,9543,44
008 日常（周年后修复）,50,50,100,100,1,3,10,AMP COMPM4,0.524,0.074,9543,50
008 日常（周年后修复）,50,50,100,100,1,3,14,PEQ-5,0.545,0.075,9543,52
008 日常（周年后修复）,50,50,100,100,1,3,38,IOP T2外骨骼,0.597,0.079,9543,57
008 日常（周年后修复）,50,50,100,100,1,3,42,Type1防弹插板,30.221,0.470,9543,2884
008 日常（周年后修复）,50,50,100,100,1,3,56,IOP X2外骨骼,0.545,0.075,9543,52
008 日常（周年后修复）,50,50,100,100,1,3,64,AC2消音器,0.650,0.082,9543,62
008 日常（周年后修复）,50,50,100,100,1,3,88,伪装披风,0.660,0.083,9543,63
008 日常（周年后修复）,50,50,100,100,1,3,222,RMR红点,1.656,0.131,9543,158
008 日常（周年后修复）,50,50,100,100,1,3,232,试制运算芯片,0.660,0.083,9543,63
008 日常（周年后修复）,50,50,100,100,1,4,3,PSO-1,0.189,0.044,9543,18
008 日常（周年后修复）,50,50,100,100,1,4,7,EOT 516,0.293,0.055,9543,28
008 日常（周年后修复）,50,50,100,100,1,4,11,COG M150,0.220,0.048,9543,21
008 日常（周年后修复）,50,50,100,100,1,4,15,PEQ-15,0.293,0.055,9543,28
008 日常（周年后修复）,50,50,100,100,1,4,39,IOP T3外骨骼,0.335,0.059,9543,32
008 日常（周年后修复）,50,50,100,100,1,4,43,Type2防弹插板,17.364,0.388,9543,1657
008 日常（周年后修复）,50,50,100,100,1,4,57,IOP X3外骨骼,0.377,0.063,9543,36
008 日常（周年后修复）,50,50,100,100,1,4,65,AC3消音器,0.377,0.063,9543,36
008 日常（周年后修复）,50,50,100,100,1,4,89,城市迷彩披风,0.314,0.057,9543,30
008 日常（周年后修复）,50,50,100,100,1,4,223,RMR T2红点,0.461,0.069,9543,44
008 日常（周年后修复）,50,50,100,100,1,4,233,#1运算芯片,0.304,0.056,9543,29
008 日常（周年后修复）,50,50,100,100,1,5,4,VFL 6-24X56,0.073,0.028,9543,7
008 日常（周年后修复）,50,50,100,100,1,5,8,EOT 518,0.094,0.031,9543,9
008 日常（周年后修复）,50,50,100,100,1,5,12,ITI MARS,0.063,0.026,9543,6
008 日常（周年后修复）,50,50,100,100,1,5,16,PEQ-16A,0.063,0.026,9543,6
008 日常（周年后修复）,50,50,100,100,1,5,40,IOP T4外骨骼,0.073,0.028,9543,7
008 日常（周年后修复）,50,50,100,100,1,5,44,Type3防弹插板,3.699,0.193,9543,353
008 日常（周年后修复）,50,50,100,100,1,5,58,IOP X4外骨骼,0.052,0.023,9543,5
008 日常（周年后修复）,50,50,100,100,1,5,66,AC4消音器,0.157,0.041,9543,15
008 日常（周年后修复）,50,50,100,100,1,5,90,热光学迷彩披风,0.063,0.026,9543,6
008 日常（周年后修复）,50,50,100,100,1,5,224,RMR T4红点,0.168,0.042,9543,16
008 日常（周年后修复）,50,50,100,100,1,5,234,#2运算芯片,0.126,0.036,9543,12
008 日常（周年后修复）,50,50,100,100,1,5,305,SF武器灯改,0.147,0.039,9543,14
008 日常（周年后修复）,50,50,100,100,1,5,309,专注芯片,0.084,0.030,9543,8
008 日常（周年后修复）,50,250,150,100,1,2,1,BM 3-12X40,1.031,0.265,1455,15
008 日常（周年后修复）,50,250,150,100,1,2,5,EOT 506,1.237,0.290,1455,18
008 日常（周年后修复）,50,250,150,100,1,2,9,AMP COMPM2,1.031,0.265,1455,15
008 日常（周年后修复）,50,250,150,100,1,2,13,PEQ-2,1.924,0.360,1455,28
008 日常（周年后修复）,50,250,150,100,1,2,17,M61穿甲弹,5.361,0.590,1455,78
008 日常（周年后修复）,50,250,150,100,1,2,29,FMJ高速弹,8.385,0.726,1455,122
008 日常（周年后修复）,50,250,150,100,1,2,37,IOP T1外骨骼,1.443,0.313,1455,21
008 日常（周年后修复）,50,250,150,100,1,2,55,IOP X1外骨骼,0.893,0.247,1455,13
008 日常（周年后修复）,50,250,150,100,1,2,63,AC1消音器,1.443,0.313,1455,21
008 日常（周年后修复）,50,250,150,100,1,2,69,ILM空尖弹,2.818,0.434,1455,41
008 日常（周年后修复）,50,250,150,100,1,2,73,#1猎鹿弹,3.368,0.473,1455,49
008 日常（周年后修复）,50,250,150,100,1,2,77,BK独头弹,3.780,0.500,1455,55
008 日常（周年后修复）,50,250,150,100,1,2,87,破旧披风,1.856,0.354,1455,27
008 日常（周年后修复）,50,250,150,100,1,3,2,LRA 2-12x50,0.550,0.194,1455,8
008 日常（周年后修复）,50,250,150,100,1,3,6,EOT 512,0.825,0.237,1455,12
008 日常（周年后修复）,50,250,150,100,1,3,10,AMP COMPM4,0.825,0.237,1455,12
008 日常（周年后修复）,50,250,150,100,1,3,14,PEQ-5,1.306,0.298,1455,19
008 日常（周年后修复）,50,250,150,100,1,3,18,M993穿甲弹,4.674,0.553,1455,68
008 日常（周年后修复）,50,250,150,100,1,3,30,JSP高速弹,5.704,0.608,1455,83
008 日常（周年后修复）,50,250,150,100,1,3,38,IOP T2外骨骼,0.756,0.227,1455,11
008 日常（周年后修复）,50,250,150,100,1,3,42,Type1防弹插板,2.337,0.396,1455,34
008 日常（周年后修复）,50,250,150,100,1,3,56,IOP X2外骨骼,0.825,0.237,1455,12
008 日常（周年后修复）,50,250,150,100,1,3,64,AC2消音器,0.962,0.256,1455,14
008 日常（周年后修复）,50,250,150,100,1,3,70,ILM空尖弹,1.856,0.354,1455,27
008 日常（周年后修复）,50,250,150,100,1,3,74,#0猎鹿弹,2.199,0.384,1455,32
008 日常（周年后修复）,50,250,150,100,1,3,78,FST独头弹,1.718,0.341,1455,25
008 日常（周年后修复）,50,250,150,100,1,3,88,伪装披风,1.237,0.290,1455,18
008 日常（周年后修复）,50,250,150,100,1,3,222,RMR红点,2.474,0.407,1455,36
008 日常（周年后修复）,50,250,150,100,1,3,232,试制运算芯片,1.375,0.305,1455,20
008 日常（周年后修复）,50,250,150,100,1,3,306,Mk3喉缩管,4.467,0.541,1455,65
008 日常（周年后修复）,50,250,150,100,1,4,3,PSO-1,0.206,0.119,1455,3
008 日常（周年后修复）,50,250,150,100,1,4,7,EOT 516,0.619,0.205,1455,9
008 日常（周年后修复）,50,250,150,100,1,4,11,COG M150,0.619,0.205,1455,9
008 日常（周年后修复）,50,250,150,100,1,4,15,PEQ-15,0.481,0.181,1455,7
008 日常（周年后修复）,50,250,150,100,1,4,19,Mk169穿甲弹,1.856,0.354,1455,27
008 日常（周年后修复）,50,250,150,100,1,4,31,JHP高速弹,4.192,0.525,1455,61
008 日常（周年后修复）,50,250,150,100,1,4,39,IOP T3外骨骼,0.481,0.181,1455,7
008 日常（周年后修复）,50,250,150,100,1,4,43,Type2防弹插板,1.443,0.313,1455,21
008 日常（周年后修复）,50,250,150,100,1,4,57,IOP X3外骨骼,0.756,0.227,1455,11
008 日常（周年后修复）,50,250,150,100,1,4,65,AC3消音器,0.687,0.217,1455,10
008 日常（周年后修复）,50,250,150,100,1,4,71,ILM空尖弹,0.962,0.256,1455,14
008 日常（周年后修复）,50,250,150,100,1,4,75,#00猎鹿弹,1.031,0.265,1455,15
008 日常（周年后修复）,50,250,150,100,1,4,79,WAD独头弹,1.100,0.273,1455,16
008 日常（周年后修复）,50,250,150,100,1,4,89,城市迷彩披风,0.825,0.237,1455,12
008 日常（周年后修复）,50,250,150,100,1,4,223,RMR T2红点,1.031,0.265,1455,15
008 日常（周年后修复）,50,250,150,100,1,4,226,M33狙击弹,2.268,0.390,1455,33
008 日常（周年后修复）,50,250,150,100,1,4,228,Mk900SLAP,0.619,0.205,1455,9
008 日常（周年后修复）,50,250,150,100,1,4,230,#6鸟弹,0.619,0.205,1455,9
008 日常（周年后修复）,50,250,150,100,1,4,233,#1运算芯片,0.893,0.247,1455,13
008 日常（周年后修复）,50,250,150,100,1,4,307,Mk4喉缩管,2.543,0.413,1455,37
008 日常（周年后修复）,50,250,150,100,1,4,310,M1050 LRF,2.405,0.402,1455,35
008 日常（周年后修复）,50,250,150,100,1,5,4,VFL 6-24X56,0.069,0.069,1455,1
008 日常（周年后修复）,50,250,150,100,1,5,8,EOT 518,0.069,0.069,1455,1
008 日常（周年后修复）,50,250,150,100,1,5,12,ITI MARS,0.137,0.097,1455,2
008 日常（周年后修复）,50,250,150,100,1,5,20,Mk211高爆穿甲弹,0.619,0.205,1455,9
008 日常（周年后修复）,50,250,150,100,1,5,32,APCR高速弹,0.687,0.217,1455,10
008 日常（周年后修复）,50,250,150,100,1,5,40,IOP T4外骨骼,0.137,0.097,1455,2
008 日常（周年后修复）,50,250,150,100,1,5,44,Type3防弹插板,0.275,0.137,1455,4
008 日常（周年后修复）,50,250,150,100,1,5,58,IOP X4外骨骼,0.069,0.069,1455,1
008 日常（周年后修复）,50,250,150,100,1,5,66,AC4消音器,0.069,0.069,1455,1
008 日常（周年后修复）,50,250,150,100,1,5,72,ILM空尖弹,0.206,0.119,1455,3
008 日常（周年后修复）,50,250,150,100,1,5,76,#000猎鹿弹,0.206,0.119,1455,3
008 日常（周年后修复）,50,250,150,100,1,5,80,SABOT独头弹,0.412,0.168,1455,6
008 日常（周年后修复）,50,250,150,100,1,5,90,热光学迷彩披风,0.069,0.069,1455,1
008 日常（周年后修复）,50,250,150,100,1,5,224,RMR T4红点,0.275,0.137,1455,4
008 日常（周年后修复）,50,250,150,100,1,5,225,信号弹,0.069,0.069,1455,1
008 日常（周年后修复）,50,250,150,100,1,5,227,M1022狙击弹,0.275,0.137,1455,4
008 日常（周年后修复）,50,250,150,100,1,5,229,Mk1000SLAP,0.206,0.119,1455,3
008 日常（周年后修复）,50,250,150,100,1,5,231,#7.5鸟弹,0.481,0.181,1455,7
008 日常（周年后修复）,50,250,150,100,1,5,234,#2运算芯片,0.137,0.097,1455,2
008 日常（周年后修复）,50,250,150,100,1,5,305,SF武器灯改,0.206,0.119,1455,3
008 日常（周年后修复）,50,250,150,100,1,5,308,Mk0多用途喉缩管,0.412,0.168,1455,6
008 日常（周年后修复）,50,250,150,100,1,5,309,专注芯片,0.069,0.069,1455,1
008 日常（周年后修复）,50,250,150,100,1,5,311,M200X LRF,0.550,0.194,1455,8
008 日常（周年后修复）,70,10,150,30,0,2,13,PEQ-2,40.635,0.124,157823,64132
008 日常（周年后修复）,70,10,150,30,0,3,14,PEQ-5,40.573,0.124,157823,64034
008 日常（周年后修复）,70,10,150,30,0,4,15,PEQ-15,15.324,0.091,157823,24185
008 日常（周年后修复）,70,10,150,30,0,5,16,PEQ-16A,1.706,0.033,157823,2692
008 日常（周年后修复）,70,10,150,30,0,5,305,SF武器灯改,1.761,0.033,157823,2780
008 日常（周年后修复）,70,10,150,30,1,2,1,BM 3-12X40,1.319,0.042,72796,960
008 日常（周年后修复）,70,10,150,30,1,2,5,EOT 506,1.349,0.043,72796,982
008 日常（周年后修复）,70,10,150,30,1,2,9,AMP COMPM2,1.398,0.044,72796,1018
008 日常（周年后修复）,70,10,150,30,1,2,13,PEQ-2,32.428,0.173,72796,23606
008 日常（周年后修复）,70,10,150,30,1,2,29,FMJ高速弹,0.001,0.001,72796,1
008 日常（周年后修复）,70,10,150,30,1,2,37,IOP T1外骨骼,0.313,0.021,72796,228
008 日常（周年后修复）,70,10,150,30,1,2,55,IOP X1外骨骼,0.364,0.022,72796,265
008 日常（周年后修复）,70,10,150,30,1,2,63,AC1消音器,0.985,0.037,72796,717
008 日常（周年后修复）,70,10,150,30,1,2,69,ILM空尖弹,0.001,0.001,72796,1
008 日常（周年后修复）,70,10,150,30,1,2,77,BK独头弹,0.001,0.001,72796,1
008 日常（周年后修复）,70,10,150,30,1,2,87,破旧披风,1.841,0.050,72796,1340
008 日常（周年后修复）,70,10,150,30,1,3,2,LRA 2-12x50,1.261,0.041,72796,918
008 日常（周年后修复）,70,10,150,30,1,3,6,EOT 512,1.324,0.042,72796,964
008 日常（周年后修复）,70,10,150,30,1,3,10,AMP COMPM4,1.311,0.042,72796,954
008 日常（周年后修复）,70,10,150,30,1,3,14,PEQ-5,30.160,0.170,72796,21955
008 日常（周年后修复）,70,10,150,30,1,3,30,JSP高速弹,0.001,0.001,72796,1
008 日常（周年后修复）,70,10,150,30,1,3,38,IOP T2外骨骼,0.295,0.020,72796,215
008 日常（周年后修复）,70,10,150,30,1,3,42,Type1防弹插板,0.885,0.035,72796,644
008 日常（周年后修复）,70,10,150,30,1,3,56,IOP X2外骨骼,0.271,0.019,72796,197
008 日常（周年后修复）,70,10,150,30,1,3,64,AC2消音器,0.912,0.035,72796,664
008 日常（周年后修复）,70,10,150,30,1,3,88,伪装披风,1.753,0.049,72796,1276
008 日常（周年后修复）,70,10,150,30,1,3,222,RMR红点,1.338,0.043,72796,974
008 日常（周年后修复）,70,10,150,30,1,3,232,试制运算芯片,0.886,0.035,72796,645
008 日常（周年后修复）,70,10,150,30,1,4,3,PSO-1,0.532,0.027,72796,387
008 日常（周年后修复）,70,10,150,30,1,4,7,EOT 516,0.467,0.025,72796,340
008 日常（周年后修复）,70,10,150,30,1,4,11,COG M150,0.534,0.027,72796,389
008 日常（周年后修复）,70,10,150,30,1,4,15,PEQ-15,12.237,0.121,72796,8908
008 日常（周年后修复）,70,10,150,30,1,4,31,JHP高速弹,0.001,0.001,72796,1
008 日常（周年后修复）,70,10,150,30,1,4,39,IOP T3外骨骼,0.092,0.011,72796,67
008 日常（周年后修复）,70,10,150,30,1,4,43,Type2防弹插板,0.348,0.022,72796,253
008 日常（周年后修复）,70,10,150,30,1,4,57,IOP X3外骨骼,0.098,0.012,72796,71
008 日常（周年后修复）,70,10,150,30,1,4,65,AC3消音器,0.349,0.022,72796,254
008 日常（周年后修复）,70,10,150,30,1,4,89,城市迷彩披风,0.596,0.029,72796,434
008 日常（周年后修复）,70,10,150,30,1,4,223,RMR T2红点,0.495,0.026,72796,360
008 日常（周年后修复）,70,10,150,30,1,4,233,#1运算芯片,0.319,0.021,72796,232
008 日常（周年后修复）,70,10,150,30,1,5,4,VFL 6-24X56,0.069,0.010,72796,50
008 日常（周年后修复）,70,10,150,30,1,5,8,EOT 518,0.045,0.008,72796,33
008 日常（周年后修复）,70,10,150,30,1,5,12,ITI MARS,0.073,0.010,72796,53
008 日常（周年后修复）,70,10,150,30,1,5,16,PEQ-16A,1.474,0.045,72796,1073
008 日常（周年后修复）,70,10,150,30,1,5,40,IOP T4外骨骼,0.008,0.003,72796,6
008 日常（周年后修复）,70,10,150,30,1,5,44,Type3防弹插板,0.044,0.008,72796,32
008 日常（周年后修复）,70,10,150,30,1,5,58,IOP X4外骨骼,0.016,0.005,72796,12
008 日常（周年后修复）,70,10,150,30,1,5,66,AC4消音器,0.081,0.011,72796,59
008 日常（周年后修复）,70,10,150,30,1,5,90,热光学迷彩披风,0.093,0.011,72796,68
008 日常（周年后修复）,70,10,150,30,1,5,224,RMR T4红点,0.074,0.010,72796,54
008 日常（周年后修复）,70,10,150,30,1,5,234,#2运算芯片,0.067,0.010,72796,49
008 日常（周年后修复）,70,10,150,30,1,5,305,SF武器灯改,1.437,0.044,72796,1046
008 日常（周年后修复）,70,10,150,30,1,5,309,专注芯片,0.054,0.009,72796,39
008 日常（周年后修复）,80,220,80,80,0,3,306,Mk3喉缩管,70.703,0.270,28375,20062
008 日常（周年后修复）,80,220,80,80,0,4,307,Mk4喉缩管,23.598,0.252,28375,6696
008 日常（周年后修复）,80,220,80,80,0,5,308,Mk0多用途喉缩管,5.699,0.138,28375,1617
008 日常（周年后修复）,80,220,80,80,1,2,1,BM 3-12X40,1.342,0.104,12295,165
008 日常（周年后修复）,80,220,80,80,1,2,5,EOT 506,1.269,0.101,12295,156
008 日常（周年后修复）,80,220,80,80,1,2,9,AMP COMPM2,1.342,0.104,12295,165
008 日常（周年后修复）,80,220,80,80,1,2,13,PEQ-2,1.448,0.108,12295,178
008 日常（周年后修复）,80,220,80,80,1,2,17,M61穿甲弹,4.791,0.193,12295,589
008 日常（周年后修复）,80,220,80,80,1,2,29,FMJ高速弹,9.874,0.269,12295,1214
008 日常（周年后修复）,80,220,80,80,1,2,37,IOP T1外骨骼,1.196,0.098,12295,147
008 日常（周年后修复）,80,220,80,80,1,2,55,IOP X1外骨骼,1.431,0.107,12295,176
008 日常（周年后修复）,80,220,80,80,1,2,63,AC1消音器,2.066,0.128,12295,254
008 日常（周年后修复）,80,220,80,80,1,2,69,ILM空尖弹,3.400,0.163,12295,418
008 日常（周年后修复）,80,220,80,80,1,2,73,#1猎鹿弹,2.725,0.147,12295,335
008 日常（周年后修复）,80,220,80,80,1,2,77,BK独头弹,2.741,0.147,12295,337
008 日常（周年后修复）,80,220,80,80,1,2,87,破旧披风,1.765,0.119,12295,217
008 日常（周年后修复）,80,220,80,80,1,3,2,LRA 2-12x50,0.293,0.049,12295,36
008 日常（周年后修复）,80,220,80,80,1,3,6,EOT 512,0.252,0.045,12295,31
008 日常（周年后修复）,80,220,80,80,1,3,10,AMP COMPM4,0.350,0.053,12295,43
008 日常（周年后修复）,80,220,80,80,1,3,14,PEQ-5,0.358,0.054,12295,44
008 日常（周年后修复）,80,220,80,80,1,3,18,M993穿甲弹,1.187,0.098,12295,146
008 日常（周年后修复）,80,220,80,80,1,3,30,JSP高速弹,2.375,0.137,12295,292
008 日常（周年后修复）,80,220,80,80,1,3,38,IOP T2外骨骼,0.342,0.053,12295,42
008 日常（周年后修复）,80,220,80,80,1,3,42,Type1防弹插板,0.830,0.082,12295,102
008 日常（周年后修复）,80,220,80,80,1,3,56,IOP X2外骨骼,0.260,0.046,12295,32
008 日常（周年后修复）,80,220,80,80,1,3,64,AC2消音器,0.488,0.063,12295,60
008 日常（周年后修复）,80,220,80,80,1,3,70,ILM空尖弹,0.773,0.079,12295,95
008 日常（周年后修复）,80,220,80,80,1,3,74,#0猎鹿弹,0.724,0.076,12295,89
008 日常（周年后修复）,80,220,80,80,1,3,78,FST独头弹,0.626,0.071,12295,77
008 日常（周年后修复）,80,220,80,80,1,3,88,伪装披风,0.464,0.061,12295,57
008 日常（周年后修复）,80,220,80,80,1,3,222,RMR红点,1.009,0.090,12295,124
008 日常（周年后修复）,80,220,80,80,1,3,232,试制运算芯片,0.813,0.081,12295,100
008 日常（周年后修复）,80,220,80,80,1,3,306,Mk3喉缩管,23.733,0.384,12295,2918
008 日常（周年后修复）,80,220,80,80,1,4,3,PSO-1,0.260,0.046,12295,32
008 日常（周年后修复）,80,220,80,80,1,4,7,EOT 516,0.187,0.039,12295,23
008 日常（周年后修复）,80,220,80,80,1,4,11,COG M150,0.171,0.037,12295,21
008 日常（周年后修复）,80,220,80,80,1,4,15,PEQ-15,0.285,0.048,12295,35
008 日常（周年后修复）,80,220,80,80,1,4,19,Mk169穿甲弹,0.878,0.084,12295,108
008 日常（周年后修复）,80,220,80,80,1,4,31,JHP高速弹,1.521,0.110,12295,187
008 日常（周年后修复）,80,220,80,80,1,4,39,IOP T3外骨骼,0.171,0.037,12295,21
008 日常（周年后修复）,80,220,80,80,1,4,43,Type2防弹插板,0.537,0.066,12295,66
008 日常（周年后修复）,80,220,80,80,1,4,57,IOP X3外骨骼,0.211,0.041,12295,26
008 日常（周年后修复）,80,220,80,80,1,4,65,AC3消音器,0.244,0.044,12295,30
008 日常（周年后修复）,80,220,80,80,1,4,71,ILM空尖弹,0.512,0.064,12295,63
008 日常（周年后修复）,80,220,80,80,1,4,75,#00猎鹿弹,0.374,0.055,12295,46
008 日常（周年后修复）,80,220,80,80,1,4,79,WAD独头弹,0.374,0.055,12295,46
008 日常（周年后修复）,80,220,80,80,1,4,89,城市迷彩披风,0.203,0.041,12295,25
008 日常（周年后修复）,80,220,80,80,1,4,223,RMR T2红点,0.594,0.069,12295,73
008 日常（周年后修复）,80,220,80,80,1,4,226,M33狙击弹,0.773,0.079,12295,95
008 日常（周年后修复）,80,220,80,80,1,4,228,Mk900SLAP,0.268,0.047,12295,33
008 日常（周年后修复）,80,220,80,80,1,4,230,#6鸟弹,0.521,0.065,12295,64
008 日常（周年后修复）,80,220,80,80,1,4,233,#1运算芯片,0.496,0.063,12295,61
008 日常（周年后修复）,80,220,80,80,1,4,307,Mk4喉缩管,15.266,0.324,12295,1877
008 日常（周年后修复）,80,220,80,80,1,5,4,VFL 6-24X56,0.016,0.012,12295,2
008 日常（周年后修复）,80,220,80,80,1,5,8,EOT 518,0.073,0.024,12295,9
008 日常（周年后修复）,80,220,80,80,1,5,12,ITI MARS,0.049,0.020,12295,6
008 日常（周年后修复）,80,220,80,80,1,5,16,PEQ-16A,0.033,0.016,12295,4
008 日常（周年后修复）,80,220,80,80,1,5,20,Mk211高爆穿甲弹,0.138,0.034,12295,17
008 日常（周年后修复）,80,220,80,80,1,5,32,APCR高速弹,0.366,0.054,12295,45
008 日常（周年后修复）,80,220,80,80,1,5,40,IOP T4外骨骼,0.008,0.008,12295,1
008 日常（周年后修复）,80,220,80,80,1,5,44,Type3防弹插板,0.041,0.018,12295,5
008 日常（周年后修复）,80,220,80,80,1,5,58,IOP X4外骨骼,0.033,0.016,12295,4
008 日常（周年后修复）,80,220,80,80,1,5,66,AC4消音器,0.081,0.026,12295,10
008 日常（周年后修复）,80,220,80,80,1,5,72,ILM空尖弹,0.155,0.035,12295,19
008 日常（周年后修复）,80,220,80,80,1,5,76,#000猎鹿弹,0.073,0.024,12295,9
008 日常（周年后修复）,80,220,80,80,1,5,80,SABOT独头弹,0.081,0.026,12295,10
008 日常（周年后修复）,80,220,80,80,1,5,90,热光学迷彩披风,0.057,0.022,12295,7
008 日常（周年后修复）,80,220,80,80,1,5,224,RMR T4红点,0.155,0.035,12295,19
008 日常（周年后修复）,80,220,80,80,1,5,225,信号弹,0.041,0.018,12295,5
008 日常（周年后修复）,80,220,80,80,1,5,227,M1022狙击弹,0.171,0.037,12295,21
008 日常（周年后修复）,80,220,80,80,1,5,229,Mk1000SLAP,0.057,0.022,12295,7
008 日常（周年后修复）,80,220,80,80,1,5,231,#7.5鸟弹,0.081,0.026,12295,10
008 日常（周年后修复）,80,220,80,80,1,5,234,#2运算芯片,0.073,0.024,12295,9
008 日常（周年后修复）,80,220,80,80,1,5,235,霰弹用闪光弹,0.057,0.022,12295,7
008 日常（周年后修复）,80,220,80,80,1,5,305,SF武器灯改,0.033,0.016,12295,4
008 日常（周年后修复）,80,220,80,80,1,5,308,Mk0多用途喉缩管,3.871,0.174,12295,476
008 日常（周年后修复）,80,220,80,80,1,5,309,专注芯片,0.146,0.034,12295,18
008 日常（周年后修复）,100,80,10,100,0,2,37,IOP T1外骨骼,18.719,0.152,65559,12272
008 日常（周年后修复）,100,80,10,100,0,2,55,IOP X1外骨骼,18.534,0.152,65559,12151
008 日常（周年后修复）,100,80,10,100,0,3,38,IOP T2外骨骼,18.743,0.152,65559,12288
008 日常（周年后修复）,100,80,10,100,0,3,56,IOP X2外骨骼,18.917,0.153,65559,12402
008 日常（周年后修复）,100,80,10,100,0,4,39,IOP T3外骨骼,9.951,0.117,65559,6524
008 日常（周年后修复）,100,80,10,100,0,4,57,IOP X3外骨骼,10.351,0.119,65559,6786
008 日常（周年后修复）,100,80,10,100,0,5,40,IOP T4外骨骼,2.389,0.060,65559,1566
008 日常（周年后修复）,100,80,10,100,0,5,58,IOP X4外骨骼,2.395,0.060,65559,1570
008 日常（周年后修复）,100,80,10,100,1,2,1,BM 3-12X40,0.464,0.028,59039,274
008 日常（周年后修复）,100,80,10,100,1,2,5,EOT 506,0.474,0.028,59039,280
008 日常（周年后修复）,100,80,10,100,1,2,9,AMP COMPM2,0.513,0.029,59039,303
008 日常（周年后修复）,100,80,10,100,1,2,13,PEQ-2,0.525,0.030,59039,310
008 日常（周年后修复）,100,80,10,100,1,2,37,IOP T1外骨骼,16.714,0.154,59039,9868
008 日常（周年后修复）,100,80,10,100,1,2,55,IOP X1外骨骼,16.887,0.154,59039,9970
008 日常（周年后修复）,100,80,10,100,1,2,63,AC1消音器,0.874,0.038,59039,516
008 日常（周年后修复）,100,80,10,100,1,2,87,破旧披风,0.662,0.033,59039,391
008 日常（周年后修复）,100,80,10,100,1,3,2,LRA 2-12x50,0.390,0.026,59039,230
008 日常（周年后修复）,100,80,10,100,1,3,6,EOT 512,0.445,0.027,59039,263
008 日常（周年后修复）,100,80,10,100,1,3,10,AMP COMPM4,0.379,0.025,59039,224
008 日常（周年后修复）,100,80,10,100,1,3,14,PEQ-5,0.423,0.027,59039,250
008 日常（周年后修复）,100,80,10,100,1,3,18,M993穿甲弹,0.002,0.002,59039,1
008 日常（周年后修复）,100,80,10,100,1,3,38,IOP T2外骨骼,15.156,0.148,59039,8948
008 日常（周年后修复）,100,80,10,100,1,3,42,Type1防弹插板,1.402,0.048,59039,828
008 日常（周年后修复）,100,80,10,100,1,3,56,IOP X2外骨骼,15.136,0.147,59039,8936
008 日常（周年后修复）,100,80,10,100,1,3,64,AC2消音器,0.872,0.038,59039,515
008 日常（周年后修复）,100,80,10,100,1,3,70,ILM空尖弹,0.002,0.002,59039,1
008 日常（周年后修复）,100,80,10,100,1,3,74,#0猎鹿弹,0.002,0.002,59039,1
008 日常（周年后修复）,100,80,10,100,1,3,88,伪装披风,0.584,0.031,59039,345
008 日常（周年后修复）,100,80,10,100,1,3,222,RMR红点,1.592,0.052,59039,940
008 日常（周年后修复）,100,80,10,100,1,3,232,试制运算芯片,1.025,0.041,59039,605
008 日常（周年后修复）,100,80,10,100,1,3,312,HD50脚架,0.002,0.002,59039,1
008 日常（周年后修复）,100,80,10,100,1,4,3,PSO-1,0.230,0.020,59039,136
008 日常（周年后修复）,100,80,10,100,1,4,7,EOT 516,0.237,0.020,59039,140
008 日常（周年后修复）,100,80,10,100,1,4,11,COG M150,0.259,0.021,59039,153
008 日常（周年后修复）,100,80,10,100,1,4,15,PEQ-15,0.202,0.018,59039,119
008 日常（周年后修复）,100,80,10,100,1,4,39,IOP T3外骨骼,8.581,0.115,59039,5066
008 日常（周年后修复）,100,80,10,100,1,4,43,Type2防弹插板,0.728,0.035,59039,430
008 日常（周年后修复）,100,80,10,100,1,4,57,IOP X3外骨骼,8.313,0.114,59039,4908
008 日常（周年后修复）,100,80,10,100,1,4,65,AC3消音器,0.445,0.027,59039,263
008 日常（周年后修复）,100,80,10,100,1,4,67,IOP大容量弹链箱,0.002,0.002,59039,1
008 日常（周年后修复）,100,80,10,100,1,4,89,城市迷彩披风,0.286,0.022,59039,169
008 日常（周年后修复）,100,80,10,100,1,4,223,RMR T2红点,0.855,0.038,59039,505
008 日常（周年后修复）,100,80,10,100,1,4,230,#6鸟弹,0.002,0.002,59039,1
008 日常（周年后修复）,100,80,10,100,1,4,233,#1运算芯片,0.506,0.029,59039,299
008 日常（周年后修复）,100,80,10,100,1,5,4,VFL 6-24X56,0.041,0.008,59039,24
008 日常（周年后修复）,100,80,10,100,1,5,8,EOT 518,0.071,0.011,59039,42
008 日常（周年后修复）,100,80,10,100,1,5,12,ITI MARS,0.046,0.009,59039,27
008 日常（周年后修复）,100,80,10,100,1,5,16,PEQ-16A,0.054,0.010,59039,32
008 日常（周年后修复）,100,80,10,100,1,5,40,IOP T4外骨骼,1.823,0.055,59039,1076
008 日常（周年后修复）,100,80,10,100,1,5,44,Type3防弹插板,0.149,0.016,59039,88
008 日常（周年后修复）,100,80,10,100,1,5,58,IOP X4外骨骼,1.807,0.055,59039,1067
008 日常（周年后修复）,100,80,10,100,1,5,66,AC4消音器,0.183,0.018,59039,108
008 日常（周年后修复）,100,80,10,100,1,5,90,热光学迷彩披风,0.071,0.011,59039,42
008 日常（周年后修复）,100,80,10,100,1,5,224,RMR T4红点,0.218,0.019,59039,129
008 日常（周年后修复）,100,80,10,100,1,5,234,#2运算芯片,0.151,0.016,59039,89
008 日常（周年后修复）,100,80,10,100,1,5,305,SF武器灯改,0.061,0.010,59039,36
008 日常（周年后修复）,100,80,10,100,1,5,309,专注芯片,0.151,0.016,59039,89
008 日常（周年后修复）,100,250,150,170,0,4,310,M1050 LRF,91.933,0.164,27608,25381
008 日常（周年后修复）,100,250,150,170,0,5,311,M200X LRF,8.067,0.164,27608,2227
008 日常（周年后修复）,100,250,150,170,1,2,1,BM 3-12X40,1.491,0.109,12475,186
008 日常（周年后修复）,100,250,150,170,1,2,5,EOT 506,1.323,0.102,12475,165
008 日常（周年后修复）,100,250,150,170,1,2,9,AMP COMPM2,1.315,0.102,12475,164
008 日常（周年后修复）,100,250,150,170,1,2,13,PEQ-2,1.499,0.109,12475,187
008 日常（周年后修复）,100,250,150,170,1,2,17,M61穿甲弹,3.503,0.165,12475,437
008 日常（周年后修复）,100,250,150,170,1,2,29,FMJ高速弹,4.689,0.189,12475,585
008 日常（周年后修复）,100,250,150,170,1,2,37,IOP T1外骨骼,1.082,0.093,12475,135
008 日常（周年后修复）,100,250,150,170,1,2,55,IOP X1外骨骼,1.467,0.108,12475,183
008 日常（周年后修复）,100,250,150,170,1,2,63,AC1消音器,1.804,0.119,12475,225
008 日常（周年后修复）,100,250,150,170,1,2,69,ILM空尖弹,2.477,0.139,12475,309
008 日常（周年后修复）,100,250,150,170,1,2,73,#1猎鹿弹,3.343,0.161,12475,417
008 日常（周年后修复）,100,250,150,170,1,2,77,BK独头弹,3.479,0.164,12475,434
008 日常（周年后修复）,100,250,150,170,1,2,87,破旧披风,2.421,0.138,12475,302
008 日常（周年后修复）,100,250,150,170,1,3,2,LRA 2-12x50,0.970,0.088,12475,121
008 日常（周年后修复）,100,250,150,170,1,3,6,EOT 512,0.794,0.079,12475,99
008 日常（周年后修复）,100,250,150,170,1,3,10,AMP COMPM4,0.882,0.084,12475,110
008 日常（周年后修复）,100,250,150,170,1,3,14,PEQ-5,0.778,0.079,12475,97
008 日常（周年后修复）,100,250,150,170,1,3,18,M993穿甲弹,2.429,0.138,12475,303
008 日常（周年后修复）,100,250,150,170,1,3,30,JSP高速弹,3.214,0.158,12475,401
008 日常（周年后修复）,100,250,150,170,1,3,38,IOP T2外骨骼,0.641,0.071,12475,80
008 日常（周年后修复）,100,250,150,170,1,3,42,Type1防弹插板,1.988,0.125,12475,248
008 日常（周年后修复）,100,250,150,170,1,3,56,IOP X2外骨骼,0.818,0.081,12475,102
008 日常（周年后修复）,100,250,150,170,1,3,64,AC2消音器,1.122,0.094,12475,140
008 日常（周年后修复）,100,250,150,170,1,3,70,ILM空尖弹,1.844,0.120,12475,230
008 日常（周年后修复）,100,250,150,170,1,3,74,#0猎鹿弹,2.164,0.130,12475,270
008 日常（周年后修复）,100,250,150,170,1,3,78,FST独头弹,2.461,0.139,12475,307
008 日常（周年后修复）,100,250,150,170,1,3,88,伪装披风,1.283,0.101,12475,160
008 日常（周年后修复）,100,250,150,170,1,3,222,RMR红点,2.429,0.138,12475,303
008 日常（周年后修复）,100,250,150,170,1,3,232,试制运算芯片,1.579,0.112,12475,197
008 日常（周年后修复）,100,250,150,170,1,3,306,Mk3喉缩管,3.134,0.156,12475,391
008 日常（周年后修复）,100,250,150,170,1,4,3,PSO-1,0.281,0.047,12475,35
008 日常（周年后修复）,100,250,150,170,1,4,7,EOT 516,0.200,0.040,12475,25
008 日常（周年后修复）,100,250,150,170,1,4,11,COG M150,0.248,0.045,12475,31
008 日常（周年后修复）,100,250,150,170,1,4,15,PEQ-15,0.248,0.045,12475,31
008 日常（周年后修复）,100,250,150,170,1,4,19,Mk169穿甲弹,0.505,0.063,12475,63
008 日常（周年后修复）,100,250,150,170,1,4,31,JHP高速弹,0.818,0.081,12475,102
008 日常（周年后修复）,100,250,150,170,1,4,39,IOP T3外骨骼,0.168,0.037,12475,21
008 日常（周年后修复）,100,250,150,170,1,4,43,Type2防弹插板,0.457,0.060,12475,57
008 日常（周年后修复）,100,250,150,170,1,4,57,IOP X3外骨骼,0.257,0.045,12475,32
008 日常（周年后修复）,100,250,150,170,1,4,65,AC3消音器,0.273,0.047,12475,34
008 日常（周年后修复）,100,250,150,170,1,4,67,IOP大容量弹链箱,0.361,0.054,12475,45
008 日常（周年后修复）,100,250,150,170,1,4,71,ILM空尖弹,0.329,0.051,12475,41
008 日常（周年后修复）,100,250,150,170,1,4,75,#00猎鹿弹,0.577,0.068,12475,72
008 日常（周年后修复）,100,250,150,170,1,4,79,WAD独头弹,0.465,0.061,12475,58
008 日常（周年后修复）,100,250,150,170,1,4,89,城市迷彩披风,0.377,0.055,12475,47
008 日常（周年后修复）,100,250,150,170,1,4,223,RMR T2红点,0.489,0.062,12475,61
008 日常（周年后修复）,100,250,150,170,1,4,226,M33狙击弹,0.513,0.064,12475,64
008 日常（周年后修复）,100,250,150,170,1,4,228,Mk900SLAP,0.305,0.049,12475,38
008 日常（周年后修复）,100,250,150,170,1,4,230,#6鸟弹,0.577,0.068,12475,72
008 日常（周年后修复）,100,250,150,170,1,4,233,#1运算芯片,0.361,0.054,12475,45
008 日常（周年后修复）,100,250,150,170,1,4,307,Mk4喉缩管,0.858,0.083,12475,107
008 日常（周年后修复）,100,250,150,170,1,4,310,M1050 LRF,25.170,0.389,12475,3140
008 日常（周年后修复）,100,250,150,170,1,5,4,VFL 6-24X56,0.032,0.016,12475,4
008 日常（周年后修复）,100,250,150,170,1,5,8,EOT 518,0.064,0.023,12475,8
008 日常（周年后修复）,100,250,150,170,1,5,12,ITI MARS,0.064,0.023,12475,8
008 日常（周年后修复）,100,250,150,170,1,5,16,PEQ-16A,0.056,0.021,12475,7
008 日常（周年后修复）,100,250,150,170,1,5,20,Mk211高爆穿甲弹,0.104,0.029,12475,13
008 日常（周年后修复）,100,250,150,170,1,5,32,APCR高速弹,0.192,0.039,12475,24
008 日常（周年后修复）,100,250,150,170,1,5,40,IOP T4外骨骼,0.032,0.016,12475,4
008 日常（周年后修复）,100,250,150,170,1,5,44,Type3防弹插板,0.056,0.021,12475,7
008 日常（周年后修复）,100,250,150,170,1,5,58,IOP X4外骨骼,0.040,0.018,12475,5
008 日常（周年后修复）,100,250,150,170,1,5,66,AC4消音器,0.096,0.028,12475,12
008 日常（周年后修复）,100,250,150,170,1,5,68,IOP极限弹链箱,0.096,0.028,12475,12
008 日常（周年后修复）,100,250,150,170,1,5,72,ILM空尖弹,0.120,0.031,12475,15
008 日常（周年后修复）,100,250,150,170,1,5,76,#000猎鹿弹,0.144,0.034,12475,18
008 日常（周年后修复）,100,250,150,170,1,5,80,SABOT独头弹,0.112,0.030,12475,14
008 日常（周年后修复）,100,250,150,170,1,5,90,热光学迷彩披风,0.096,0.028,12475,12
008 日常（周年后修复）,100,250,150,170,1,5,224,RMR T4红点,0.136,0.033,12475,17
008 日常（周年后修复）,100,250,150,170,1,5,225,信号弹,0.032,0.016,12475,4
008 日常（周年后修复）,100,250,150,170,1,5,227,M1022狙击弹,0.064,0.023,12475,8
008 日常（周年后修复）,100,250,150,170,1,5,229,Mk1000SLAP,0.048,0.020,12475,6
008 日常（周年后修复）,100,250,150,170,1,5,231,#7.5鸟弹,0.080,0.025,12475,10
008 日常（周年后修复）,100,250,150,170,1,5,234,#2运算芯片,0.040,0.018,12475,5
008 日常（周年后修复）,100,250,150,170,1,5,235,霰弹用闪光弹,0.032,0.016,12475,4
008 日常（周年后修复）,100,250,150,170,1,5,305,SF武器灯改,0.072,0.024,12475,9
008 日常（周年后修复）,100,250,150,170,1,5,308,Mk0多用途喉缩管,0.168,0.037,12475,21
008 日常（周年后修复）,100,250,150,170,1,5,309,专注芯片,0.080,0.025,12475,10
008 日常（周年后修复）,100,250,150,170,1,5,311,M200X LRF,5.683,0.207,12475,709
008 日常（周年后修复）,110,110,110,110,1,2,1,BM 3-12X40,2.164,0.235,3835,83
008 日常（周年后修复）,110,110,110,110,1,2,5,EOT 506,1.877,0.219,3835,72
008 日常（周年后修复）,110,110,110,110,1,2,9,AMP COMPM2,1.565,0.200,3835,60
008 日常（周年后修复）,110,110,110,110,1,2,13,PEQ-2,1.591,0.202,3835,61
008 日常（周年后修复）,110,110,110,110,1,2,17,M61穿甲弹,5.893,0.380,3835,226
008 日常（周年后修复）,110,110,110,110,1,2,29,FMJ高速弹,3.911,0.313,3835,150
008 日常（周年后修复）,110,110,110,110,1,2,37,IOP T1外骨骼,2.555,0.255,3835,98
008 日常（周年后修复）,110,110,110,110,1,2,55,IOP X1外骨骼,2.034,0.228,3835,78
008 日常（周年后修复）,110,110,110,110,1,2,63,AC1消音器,1.747,0.212,3835,67
008 日常（周年后修复）,110,110,110,110,1,2,69,ILM空尖弹,2.399,0.247,3835,92
008 日常（周年后修复）,110,110,110,110,1,2,73,#1猎鹿弹,3.312,0.289,3835,127
008 日常（周年后修复）,110,110,110,110,1,2,77,BK独头弹,3.546,0.299,3835,136
008 日常（周年后修复）,110,110,110,110,1,2,87,破旧披风,1.982,0.225,3835,76
008 日常（周年后修复）,110,110,110,110,1,3,2,LRA 2-12x50,1.069,0.166,3835,41
008 日常（周年后修复）,110,110,110,110,1,3,6,EOT 512,1.330,0.185,3835,51
008 日常（周年后修复）,110,110,110,110,1,3,10,AMP COMPM4,1.147,0.172,3835,44
008 日常（周年后修复）,110,110,110,110,1,3,14,PEQ-5,1.304,0.183,3835,50
008 日常（周年后修复）,110,110,110,110,1,3,18,M993穿甲弹,4.329,0.329,3835,166
008 日常（周年后修复）,110,110,110,110,1,3,30,JSP高速弹,2.790,0.266,3835,107
008 日常（周年后修复）,110,110,110,110,1,3,38,IOP T2外骨骼,1.721,0.210,3835,66
008 日常（周年后修复）,110,110,110,110,1,3,42,Type1防弹插板,4.198,0.324,3835,161
008 日常（周年后修复）,110,110,110,110,1,3,56,IOP X2外骨骼,1.747,0.212,3835,67
008 日常（周年后修复）,110,110,110,110,1,3,64,AC2消音器,1.799,0.215,3835,69
008 日常（周年后修复）,110,110,110,110,1,3,70,ILM空尖弹,2.269,0.240,3835,87
008 日常（周年后修复）,110,110,110,110,1,3,74,#0猎鹿弹,2.399,0.247,3835,92
008 日常（周年后修复）,110,110,110,110,1,3,78,FST独头弹,2.295,0.242,3835,88
008 日常（周年后修复）,110,110,110,110,1,3,88,伪装披风,1.565,0.200,3835,60
008 日常（周年后修复）,110,110,110,110,1,3,222,RMR红点,3.233,0.286,3835,124
008 日常（周年后修复）,110,110,110,110,1,3,232,试制运算芯片,2.243,0.239,3835,86
008 日常（周年后修复）,110,110,110,110,1,4,3,PSO-1,0.678,0.132,3835,26
008 日常（周年后修复）,110,110,110,110,1,4,7,EOT 516,0.704,0.135,3835,27
008 日常（周年后修复）,110,110,110,110,1,4,11,COG M150,0.730,0.137,3835,28
008 日常（周年后修复）,110,110,110,110,1,4,15,PEQ-15,0.495,0.113,3835,19
008 日常（周年后修复）,110,110,110,110,1,4,19,Mk169穿甲弹,1.799,0.215,3835,69
008 日常（周年后修复）,110,110,110,110,1,4,31,JHP高速弹,1.538,0.199,3835,59
008 日常（周年后修复）,110,110,110,110,1,4,39,IOP T3外骨骼,0.887,0.151,3835,34
008 日常（周年后修复）,110,110,110,110,1,4,43,Type2防弹插板,2.216,0.238,3835,85
008 日常（周年后修复）,110,110,110,110,1,4,57,IOP X3外骨骼,0.808,0.145,3835,31
008 日常（周年后修复）,110,110,110,110,1,4,65,AC3消音器,1.043,0.164,3835,40
008 日常（周年后修复）,110,110,110,110,1,4,71,ILM空尖弹,1.147,0.172,3835,44
008 日常（周年后修复）,110,110,110,110,1,4,75,#00猎鹿弹,1.512,0.197,3835,58
008 日常（周年后修复）,110,110,110,110,1,4,79,WAD独头弹,1.565,0.200,3835,60
008 日常（周年后修复）,110,110,110,110,1,4,89,城市迷彩披风,0.939,0.156,3835,36
008 日常（周年后修复）,110,110,110,110,1,4,223,RMR T2红点,1.538,0.199,3835,59
008 日常（周年后修复）,110,110,110,110,1,4,226,M33狙击弹,2.529,0.254,3835,97
008 日常（周年后修复）,110,110,110,110,1,4,228,Mk900SLAP,0.600,0.125,3835,23
008 日常（周年后修复）,110,110,110,110,1,4,230,#6鸟弹,1.226,0.178,3835,47
008 日常（周年后修复）,110,110,110,110,1,4,233,#1运算芯片,1.460,0.194,3835,56
008 日常（周年后修复）,110,110,110,110,1,4,310,M1050 LRF,1.460,0.194,3835,56
008 日常（周年后修复）,110,110,110,110,1,5,4,VFL 6-24X56,0.130,0.058,3835,5
008 日常（周年后修复）,110,110,110,110,1,5,8,EOT 518,0.104,0.052,3835,4
008 日常（周年后修复）,110,110,110,110,1,5,12,ITI MARS,0.104,0.052,3835,4
008 日常（周年后修复）,110,110,110,110,1,5,16,PEQ-16A,0.052,0.037,3835,2
008 日常（周年后修复）,110,110,110,110,1,5,20,Mk211高爆穿甲弹,0.522,0.116,3835,20
008 日常（周年后修复）,110,110,110,110,1,5,32,APCR高速弹,0.235,0.078,3835,9
008 日常（周年后修复）,110,110,110,110,1,5,40,IOP T4外骨骼,0.183,0.069,3835,7
008 日常（周年后修复）,110,110,110,110,1,5,44,Type3防弹插板,0.261,0.082,3835,10
008 日常（周年后修复）,110,110,110,110,1,5,58,IOP X4外骨骼,0.130,0.058,3835,5
008 日常（周年后修复）,110,110,110,110,1,5,66,AC4消音器,0.235,0.078,3835,9
008 日常（周年后修复）,110,110,110,110,1,5,72,ILM空尖弹,0.078,0.045,3835,3
008 日常（周年后修复）,110,110,110,110,1,5,76,#000猎鹿弹,0.235,0.078,3835,9
008 日常（周年后修复）,110,110,110,110,1,5,80,SABOT独头弹,0.287,0.086,3835,11
008 日常（周年后修复）,110,110,110,110,1,5,90,热光学迷彩披风,0.287,0.086,3835,11
008 日常（周年后修复）,110,110,110,110,1,5,224,RMR T4红点,0.443,0.107,3835,17
008 日常（周年后修复）,110,110,110,110,1,5,225,信号弹,0.078,0.045,3835,3
008 日常（周年后修复）,110,110,110,110,1,5,227,M1022狙击弹,0.365,0.097,3835,14
008 日常（周年后修复）,110,110,110,110,1,5,229,Mk1000SLAP,0.052,0.037,3835,2
008 日常（周年后修复）,110,110,110,110,1,5,231,#7.5鸟弹,0.235,0.078,3835,9
008 日常（周年后修复）,110,110,110,110,1,5,234,#2运算芯片,0.156,0.064,3835,6
008 日常（周年后修复）,110,110,110,110,1,5,235,霰弹用闪光弹,0.104,0.052,3835,4
008 日常（周年后修复）,110,110,110,110,1,5,305,SF武器灯改,0.156,0.064,3835,6
008 日常（周年后修复）,110,110,110,110,1,5,309,专注芯片,0.209,0.074,3835,8
008 日常（周年后修复）,110,110,110,110,1,5,311,M200X LRF,0.469,0.110,3835,18
008 日常（周年后修复）,120,92,60,152,1,2,1,BM 3-12X40,2.696,0.355,2077,56
008 日常（周年后修复）,120,92,60,152,1,2,5,EOT 506,3.226,0.388,2077,67
008 日常（周年后修复）,120,92,60,152,1,2,9,AMP COMPM2,4.285,0.444,2077,89
008 日常（周年后修复）,120,92,60,152,1,2,13,PEQ-2,3.467,0.401,2077,72
008 日常（周年后修复）,120,92,60,152,1,2,37,IOP T1外骨骼,5.007,0.478,2077,104
008 日常（周年后修复）,120,92,60,152,1,2,55,IOP X1外骨骼,4.766,0.467,2077,99
008 日常（周年后修复）,120,92,60,152,1,2,63,AC1消音器,6.259,0.531,2077,130
008 日常（周年后修复）,120,92,60,152,1,2,87,破旧披风,4.574,0.458,2077,95
008 日常（周年后修复）,120,92,60,152,1,3,2,LRA 2-12x50,1.878,0.298,2077,39
008 日常（周年后修复）,120,92,60,152,1,3,6,EOT 512,1.589,0.274,2077,33
008 日常（周年后修复）,120,92,60,152,1,3,10,AMP COMPM4,1.926,0.301,2077,40
008 日常（周年后修复）,120,92,60,152,1,3,14,PEQ-5,1.830,0.294,2077,38
008 日常（周年后修复）,120,92,60,152,1,3,38,IOP T2外骨骼,2.118,0.316,2077,44
008 日常（周年后修复）,120,92,60,152,1,3,42,Type1防弹插板,4.478,0.454,2077,93
008 日常（周年后修复）,120,92,60,152,1,3,56,IOP X2外骨骼,2.648,0.352,2077,55
008 日常（周年后修复）,120,92,60,152,1,3,64,AC2消音器,2.889,0.367,2077,60
008 日常（周年后修复）,120,92,60,152,1,3,88,伪装披风,2.215,0.323,2077,46
008 日常（周年后修复）,120,92,60,152,1,3,222,RMR红点,6.692,0.548,2077,139
008 日常（周年后修复）,120,92,60,152,1,3,232,试制运算芯片,4.429,0.451,2077,92
008 日常（周年后修复）,120,92,60,152,1,4,3,PSO-1,1.156,0.234,2077,24
008 日常（周年后修复）,120,92,60,152,1,4,7,EOT 516,1.300,0.248,2077,27
008 日常（周年后修复）,120,92,60,152,1,4,11,COG M150,1.878,0.298,2077,39
008 日常（周年后修复）,120,92,60,152,1,4,15,PEQ-15,1.493,0.266,2077,31
008 日常（周年后修复）,120,92,60,152,1,4,39,IOP T3外骨骼,1.637,0.278,2077,34
008 日常（周年后修复）,120,92,60,152,1,4,43,Type2防弹插板,3.467,0.401,2077,72
008 日常（周年后修复）,120,92,60,152,1,4,57,IOP X3外骨骼,1.637,0.278,2077,34
008 日常（周年后修复）,120,92,60,152,1,4,65,AC3消音器,2.215,0.323,2077,46
008 日常（周年后修复）,120,92,60,152,1,4,67,IOP大容量弹链箱,2.215,0.323,2077,46
008 日常（周年后修复）,120,92,60,152,1,4,89,城市迷彩披风,1.926,0.301,2077,40
008 日常（周年后修复）,120,92,60,152,1,4,223,RMR T2红点,5.344,0.493,2077,111
008 日常（周年后修复）,120,92,60,152,1,4,233,#1运算芯片,2.841,0.364,2077,59
008 日常（周年后修复）,120,92,60,152,1,5,4,VFL 6-24X56,0.193,0.096,2077,4
008 日常（周年后修复）,120,92,60,152,1,5,8,EOT 518,0.241,0.108,2077,5
008 日常（周年后修复）,120,92,60,152,1,5,12,ITI MARS,0.289,0.118,2077,6
008 日常（周年后修复）,120,92,60,152,1,5,16,PEQ-16A,0.289,0.118,2077,6
008 日常（周年后修复）,120,92,60,152,1,5,40,IOP T4外骨骼,0.578,0.166,2077,12
008 日常（周年后修复）,120,92,60,152,1,5,44,Type3防弹插板,0.481,0.152,2077,10
008 日常（周年后修复）,120,92,60,152,1,5,58,IOP X4外骨骼,0.433,0.144,2077,9
008 日常（周年后修复）,120,92,60,152,1,5,66,AC4消音器,0.963,0.214,2077,20
008 日常（周年后修复）,120,92,60,152,1,5,68,IOP极限弹链箱,0.289,0.118,2077,6
008 日常（周年后修复）,120,92,60,152,1,5,90,热光学迷彩披风,0.096,0.068,2077,2
008 日常（周年后修复）,120,92,60,152,1,5,224,RMR T4红点,0.770,0.192,2077,16
008 日常（周年后修复）,120,92,60,152,1,5,234,#2运算芯片,0.578,0.166,2077,12
008 日常（周年后修复）,120,92,60,152,1,5,305,SF武器灯改,0.289,0.118,2077,6
008 日常（周年后修复）,120,92,60,152,1,5,309,专注芯片,0.433,0.144,2077,9
008 日常（周年后修复）,140,10,110,10,0,2,1,BM 3-12X40,26.917,0.156,80883,21771
008 日常（周年后修复）,140,10,110,10,0,2,5,EOT 506,8.114,0.096,80883,6563
008 日常（周年后修复）,140,10,110,10,0,2,9,AMP COMPM2,5.883,0.083,80883,4758
008 日常（周年后修复）,140,10,110,10,0,3,2,LRA 2-12x50,26.972,0.156,80883,21816
008 日常（周年后修复）,140,10,110,10,0,3,6,EOT 512,8.025,0.096,80883,6491
008 日常（周年后修复）,140,10,110,10,0,3,10,AMP COMPM4,5.979,0.083,80883,4836
008 日常（周年后修复）,140,10,110,10,0,4,3,PSO-1,9.686,0.104,80883,7834
008 日常（周年后修复）,140,10,110,10,0,4,7,EOT 516,2.876,0.059,80883,2326
008 日常（周年后修复）,140,10,110,10,0,4,11,COG M150,2.075,0.050,80883,1678
008 日常（周年后修复）,140,10,110,10,0,5,4,VFL 6-24X56,2.243,0.052,80883,1814
008 日常（周年后修复）,140,10,110,10,0,5,8,EOT 518,0.738,0.030,80883,597
008 日常（周年后修复）,140,10,110,10,0,5,12,ITI MARS,0.493,0.025,80883,399
008 日常（周年后修复）,140,10,110,10,1,2,1,BM 3-12X40,13.094,0.123,74767,9790
008 日常（周年后修复）,140,10,110,10,1,2,5,EOT 506,12.836,0.122,74767,9597
008 日常（周年后修复）,140,10,110,10,1,2,9,AMP COMPM2,12.934,0.123,74767,9670
008 日常（周年后修复）,140,10,110,10,1,2,13,PEQ-2,0.457,0.025,74767,342
008 日常（周年后修复）,140,10,110,10,1,2,29,FMJ高速弹,0.001,0.001,74767,1
008 日常（周年后修复）,140,10,110,10,1,2,37,IOP T1外骨骼,0.127,0.013,74767,95
008 日常（周年后修复）,140,10,110,10,1,2,55,IOP X1外骨骼,0.114,0.012,74767,85
008 日常（周年后修复）,140,10,110,10,1,2,63,AC1消音器,0.433,0.024,74767,324
008 日常（周年后修复）,140,10,110,10,1,2,69,ILM空尖弹,0.001,0.001,74767,1
008 日常（周年后修复）,140,10,110,10,1,2,87,破旧披风,0.738,0.031,74767,552
008 日常（周年后修复）,140,10,110,10,1,3,2,LRA 2-12x50,12.353,0.120,74767,9236
008 日常（周年后修复）,140,10,110,10,1,3,6,EOT 512,12.602,0.121,74767,9422
008 日常（周年后修复）,140,10,110,10,1,3,10,AMP COMPM4,12.785,0.122,74767,9559
008 日常（周年后修复）,140,10,110,10,1,3,14,PEQ-5,0.487,0.025,74767,364
008 日常（周年后修复）,140,10,110,10,1,3,38,IOP T2外骨骼,0.098,0.011,74767,73
008 日常（周年后修复）,140,10,110,10,1,3,42,Type1防弹插板,0.231,0.018,74767,173
008 日常（周年后修复）,140,10,110,10,1,3,56,IOP X2外骨骼,0.096,0.011,74767,72
008 日常（周年后修复）,140,10,110,10,1,3,64,AC2消音器,0.389,0.023,74767,291
008 日常（周年后修复）,140,10,110,10,1,3,70,ILM空尖弹,0.003,0.002,74767,2
008 日常（周年后修复）,140,10,110,10,1,3,88,伪装披风,0.824,0.033,74767,616
008 日常（周年后修复）,140,10,110,10,1,3,222,RMR红点,0.584,0.028,74767,437
008 日常（周年后修复）,140,10,110,10,1,3,232,试制运算芯片,0.399,0.023,74767,298
008 日常（周年后修复）,140,10,110,10,1,3,306,Mk3喉缩管,0.001,0.001,74767,1
008 日常（周年后修复）,140,10,110,10,1,3,312,HD50脚架,0.001,0.001,74767,1
008 日常（周年后修复）,140,10,110,10,1,4,3,PSO-1,4.601,0.077,74767,3440
008 日常（周年后修复）,140,10,110,10,1,4,7,EOT 516,4.511,0.076,74767,3373
008 日常（周年后修复）,140,10,110,10,1,4,11,COG M150,4.689,0.077,74767,3506
008 日常（周年后修复）,140,10,110,10,1,4,15,PEQ-15,0.170,0.015,74767,127
008 日常（周年后修复）,140,10,110,10,1,4,39,IOP T3外骨骼,0.039,0.007,74767,29
008 日常（周年后修复）,140,10,110,10,1,4,43,Type2防弹插板,0.104,0.012,74767,78
008 日常（周年后修复）,140,10,110,10,1,4,57,IOP X3外骨骼,0.025,0.006,74767,19
008 日常（周年后修复）,140,10,110,10,1,4,65,AC3消音器,0.156,0.014,74767,117
008 日常（周年后修复）,140,10,110,10,1,4,67,IOP大容量弹链箱,0.001,0.001,74767,1
008 日常（周年后修复）,140,10,110,10,1,4,89,城市迷彩披风,0.257,0.019,74767,192
008 日常（周年后修复）,140,10,110,10,1,4,223,RMR T2红点,0.217,0.017,74767,162
008 日常（周年后修复）,140,10,110,10,1,4,233,#1运算芯片,0.130,0.013,74767,97
008 日常（周年后修复）,140,10,110,10,1,5,4,VFL 6-24X56,0.990,0.036,74767,740
008 日常（周年后修复）,140,10,110,10,1,5,8,EOT 518,1.063,0.038,74767,795
008 日常（周年后修复）,140,10,110,10,1,5,12,ITI MARS,1.098,0.038,74767,821
008 日常（周年后修复）,140,10,110,10,1,5,16,PEQ-16A,0.033,0.007,74767,25
008 日常（周年后修复）,140,10,110,10,1,5,40,IOP T4外骨骼,0.004,0.002,74767,3
008 日常（周年后修复）,140,10,110,10,1,5,44,Type3防弹插板,0.024,0.006,74767,18
008 日常（周年后修复）,140,10,110,10,1,5,58,IOP X4外骨骼,0.011,0.004,74767,8
008 日常（周年后修复）,140,10,110,10,1,5,66,AC4消音器,0.059,0.009,74767,44
008 日常（周年后修复）,140,10,110,10,1,5,90,热光学迷彩披风,0.071,0.010,74767,53
008 日常（周年后修复）,140,10,110,10,1,5,224,RMR T4红点,0.051,0.008,74767,38
008 日常（周年后修复）,140,10,110,10,1,5,234,#2运算芯片,0.027,0.006,74767,20
008 日常（周年后修复）,140,10,110,10,1,5,305,SF武器灯改,0.037,0.007,74767,28
008 日常（周年后修复）,140,10,110,10,1,5,309,专注芯片,0.041,0.007,74767,31
008 日常（周年后修复）,150,50,50,50,0,2,63,AC1消音器,38.501,0.307,25090,9660
008 日常（周年后修复）,150,50,50,50,0,3,64,AC2消音器,39.693,0.309,25090,9959
008 日常（周年后修复）,150,50,50,50,0,4,65,AC3消音器,18.035,0.243,25090,4525
008 日常（周年后修复）,150,50,50,50,0,5,66,AC4消音器,3.770,0.120,25090,946
008 日常（周年后修复）,150,50,50,50,1,2,1,BM 3-12X40,0.965,0.071,19178,185
008 日常（周年后修复）,150,50,50,50,1,2,5,EOT 506,0.954,0.070,19178,183
008 日常（周年后修复）,150,50,50,50,1,2,9,AMP COMPM2,0.892,0.068,19178,171
008 日常（周年后修复）,150,50,50,50,1,2,13,PEQ-2,0.740,0.062,19178,142
008 日常（周年后修复）,150,50,50,50,1,2,17,M61穿甲弹,0.005,0.005,19178,1
008 日常（周年后修复）,150,50,50,50,1,2,29,FMJ高速弹,0.005,0.005,19178,1
008 日常（周年后修复）,150,50,50,50,1,2,37,IOP T1外骨骼,0.521,0.052,19178,100
008 日常（周年后修复）,150,50,50,50,1,2,55,IOP X1外骨骼,0.365,0.044,19178,70
008 日常（周年后修复）,150,50,50,50,1,2,63,AC1消音器,33.346,0.340,19178,6395
008 日常（周年后修复）,150,50,50,50,1,2,87,破旧披风,1.111,0.076,19178,213
008 日常（周年后修复）,150,50,50,50,1,3,2,LRA 2-12x50,0.683,0.059,19178,131
008 日常（周年后修复）,150,50,50,50,1,3,6,EOT 512,0.855,0.066,19178,164
008 日常（周年后修复）,150,50,50,50,1,3,10,AMP COMPM4,0.834,0.066,19178,160
008 日常（周年后修复）,150,50,50,50,1,3,14,PEQ-5,0.667,0.059,19178,128
008 日常（周年后修复）,150,50,50,50,1,3,18,M993穿甲弹,0.005,0.005,19178,1
008 日常（周年后修复）,150,50,50,50,1,3,38,IOP T2外骨骼,0.391,0.045,19178,75
008 日常（周年后修复）,150,50,50,50,1,3,42,Type1防弹插板,0.725,0.061,19178,139
008 日常（周年后修复）,150,50,50,50,1,3,56,IOP X2外骨骼,0.271,0.038,19178,52
008 日常（周年后修复）,150,50,50,50,1,3,64,AC2消音器,27.193,0.321,19178,5215
008 日常（周年后修复）,150,50,50,50,1,3,88,伪装披风,0.980,0.071,19178,188
008 日常（周年后修复）,150,50,50,50,1,3,222,RMR红点,3.494,0.133,19178,670
008 日常（周年后修复）,150,50,50,50,1,3,232,试制运算芯片,2.889,0.121,19178,554
008 日常（周年后修复）,150,50,50,50,1,4,3,PSO-1,0.323,0.041,19178,62
008 日常（周年后修复）,150,50,50,50,1,4,7,EOT 516,0.402,0.046,19178,77
008 日常（周年后修复）,150,50,50,50,1,4,11,COG M150,0.417,0.047,19178,80
008 日常（周年后修复）,150,50,50,50,1,4,15,PEQ-15,0.261,0.037,19178,50
008 日常（周年后修复）,150,50,50,50,1,4,39,IOP T3外骨骼,0.156,0.029,19178,30
008 日常（周年后修复）,150,50,50,50,1,4,43,Type2防弹插板,0.396,0.045,19178,76
008 日常（周年后修复）,150,50,50,50,1,4,57,IOP X3外骨骼,0.125,0.026,19178,24
008 日常（周年后修复）,150,50,50,50,1,4,65,AC3消音器,12.666,0.240,19178,2429
008 日常（周年后修复）,150,50,50,50,1,4,89,城市迷彩披风,0.323,0.041,19178,62
008 日常（周年后修复）,150,50,50,50,1,4,223,RMR T2红点,1.596,0.090,19178,306
008 日常（周年后修复）,150,50,50,50,1,4,233,#1运算芯片,1.184,0.078,19178,227
008 日常（周年后修复）,150,50,50,50,1,5,4,VFL 6-24X56,0.068,0.019,19178,13
008 日常（周年后修复）,150,50,50,50,1,5,8,EOT 518,0.042,0.015,19178,8
008 日常（周年后修复）,150,50,50,50,1,5,12,ITI MARS,0.057,0.017,19178,11
008 日常（周年后修复）,150,50,50,50,1,5,16,PEQ-16A,0.031,0.013,19178,6
008 日常（周年后修复）,150,50,50,50,1,5,40,IOP T4外骨骼,0.010,0.007,19178,2
008 日常（周年后修复）,150,50,50,50,1,5,44,Type3防弹插板,0.042,0.015,19178,8
008 日常（周年后修复）,150,50,50,50,1,5,58,IOP X4外骨骼,0.021,0.010,19178,4
008 日常（周年后修复）,150,50,50,50,1,5,66,AC4消音器,3.316,0.129,19178,636
008 日常（周年后修复）,150,50,50,50,1,5,90,热光学迷彩披风,0.052,0.016,19178,10
008 日常（周年后修复）,150,50,50,50,1,5,224,RMR T4红点,0.287,0.039,19178,55
008 日常（周年后修复）,150,50,50,50,1,5,234,#2运算芯片,0.151,0.028,19178,29
008 日常（周年后修复）,150,50,50,50,1,5,305,SF武器灯改,0.026,0.012,19178,5
008 日常（周年后修复）,150,50,50,50,1,5,309,专注芯片,0.156,0.029,19178,30
008 日常（周年后修复）,150,150,150,150,1,2,1,BM 3-12X40,1.499,0.046,68467,1026
008 日常（周年后修复）,150,150,150,150,1,2,5,EOT 506,1.424,0.045,68467,975
008 日常（周年后修复）,150,150,150,150,1,2,9,AMP COMPM2,1.426,0.045,68467,976
008 日常（周年后修复）,150,150,150,150,1,2,13,PEQ-2,1.388,0.045,68467,950
008 日常（周年后修复）,150,150,150,150,1,2,17,M61穿甲弹,3.923,0.074,68467,2686
008 日常（周年后修复）,150,150,150,150,1,2,29,FMJ高速弹,3.786,0.073,68467,2592
008 日常（周年后修复）,150,150,150,150,1,2,37,IOP T1外骨骼,1.243,0.042,68467,851
008 日常（周年后修复）,150,150,150,150,1,2,55,IOP X1外骨骼,1.167,0.041,68467,799
008 日常（周年后修复）,150,150,150,150,1,2,63,AC1消音器,2.127,0.055,68467,1456
008 日常（周年后修复）,150,150,150,150,1,2,69,ILM空尖弹,2.728,0.062,68467,1868
008 日常（周年后修复）,150,150,150,150,1,2,73,#1猎鹿弹,3.665,0.072,68467,2509
008 日常（周年后修复）,150,150,150,150,1,2,77,BK独头弹,3.717,0.072,68467,2545
008 日常（周年后修复）,150,150,150,150,1,2,87,破旧披风,2.319,0.058,68467,1588
008 日常（周年后修复）,150,150,150,150,1,3,2,LRA 2-12x50,0.977,0.038,68467,669
008 日常（周年后修复）,150,150,150,150,1,3,6,EOT 512,0.927,0.037,68467,635
008 日常（周年后修复）,150,150,150,150,1,3,10,AMP COMPM4,0.930,0.037,68467,637
008 日常（周年后修复）,150,150,150,150,1,3,14,PEQ-5,0.925,0.037,68467,633
008 日常（周年后修复）,150,150,150,150,1,3,18,M993穿甲弹,2.760,0.063,68467,1890
008 日常（周年后修复）,150,150,150,150,1,3,30,JSP高速弹,2.394,0.058,68467,1639
008 日常（周年后修复）,150,150,150,150,1,3,38,IOP T2外骨骼,0.754,0.033,68467,516
008 日常（周年后修复）,150,150,150,150,1,3,42,Type1防弹插板,1.872,0.052,68467,1282
008 日常（周年后修复）,150,150,150,150,1,3,56,IOP X2外骨骼,0.773,0.033,68467,529
008 日常（周年后修复）,150,150,150,150,1,3,64,AC2消音器,1.271,0.043,68467,870
008 日常（周年后修复）,150,150,150,150,1,3,70,ILM空尖弹,1.878,0.052,68467,1286
008 日常（周年后修复）,150,150,150,150,1,3,74,#0猎鹿弹,2.444,0.059,68467,1673
008 日常（周年后修复）,150,150,150,150,1,3,78,FST独头弹,2.492,0.060,68467,1706
008 日常（周年后修复）,150,150,150,150,1,3,88,伪装披风,1.440,0.046,68467,986
008 日常（周年后修复）,150,150,150,150,1,3,222,RMR红点,2.638,0.061,68467,1806
008 日常（周年后修复）,150,150,150,150,1,3,232,试制运算芯片,1.820,0.051,68467,1246
008 日常（周年后修复）,150,150,150,150,1,3,306,Mk3喉缩管,2.481,0.059,68467,1699
008 日常（周年后修复）,150,150,150,150,1,3,312,HD50脚架,2.002,0.054,68467,1371
008 日常（周年后修复）,150,150,150,150,1,4,3,PSO-1,0.659,0.031,68467,451
008 日常（周年后修复）,150,150,150,150,1,4,7,EOT 516,0.689,0.032,68467,472
008 日常（周年后修复）,150,150,150,150,1,4,11,COG M150,0.730,0.033,68467,500
008 日常（周年后修复）,150,150,150,150,1,4,15,PEQ-15,0.669,0.031,68467,458
008 日常（周年后修复）,150,150,150,150,1,4,19,Mk169穿甲弹,1.796,0.051,68467,1230
008 日常（周年后修复）,150,150,150,150,1,4,31,JHP高速弹,1.725,0.050,68467,1181
008 日常（周年后修复）,150,150,150,150,1,4,39,IOP T3外骨骼,0.533,0.028,68467,365
008 日常（周年后修复）,150,150,150,150,1,4,43,Type2防弹插板,1.315,0.044,68467,900
008 日常（周年后修复）,150,150,150,150,1,4,57,IOP X3外骨骼,0.504,0.027,68467,345
008 日常（周年后修复）,150,150,150,150,1,4,65,AC3消音器,1.009,0.038,68467,691
008 日常（周年后修复）,150,150,150,150,1,4,67,IOP大容量弹链箱,0.761,0.033,68467,521
008 日常（周年后修复）,150,150,150,150,1,4,71,ILM空尖弹,1.272,0.043,68467,871
008 日常（周年后修复）,150,150,150,150,1,4,75,#00猎鹿弹,1.678,0.049,68467,1149
008 日常（周年后修复）,150,150,150,150,1,4,79,WAD独头弹,1.690,0.049,68467,1157
008 日常（周年后修复）,150,150,150,150,1,4,89,城市迷彩披风,1.056,0.039,68467,723
008 日常（周年后修复）,150,150,150,150,1,4,223,RMR T2红点,1.931,0.053,68467,1322
008 日常（周年后修复）,150,150,150,150,1,4,226,M33狙击弹,1.872,0.052,68467,1282
008 日常（周年后修复）,150,150,150,150,1,4,228,Mk900SLAP,0.594,0.029,68467,407
008 日常（周年后修复）,150,150,150,150,1,4,230,#6鸟弹,1.796,0.051,68467,1230
008 日常（周年后修复）,150,150,150,150,1,4,233,#1运算芯片,1.369,0.044,68467,937
008 日常（周年后修复）,150,150,150,150,1,4,307,Mk4喉缩管,1.729,0.050,68467,1184
008 日常（周年后修复）,150,150,150,150,1,4,310,M1050 LRF,4.637,0.080,68467,3175
008 日常（周年后修复）,150,150,150,150,1,4,313,HD50脚架Mk2,1.358,0.044,68467,930
008 日常（周年后修复）,150,150,150,150,1,5,4,VFL 6-24X56,0.117,0.013,68467,80
008 日常（周年后修复）,150,150,150,150,1,5,8,EOT 518,0.137,0.014,68467,94
008 日常（周年后修复）,150,150,150,150,1,5,12,ITI MARS,0.130,0.014,68467,89
008 日常（周年后修复）,150,150,150,150,1,5,16,PEQ-16A,0.110,0.013,68467,75
008 日常（周年后修复）,150,150,150,150,1,5,20,Mk211高爆穿甲弹,0.370,0.023,68467,253
008 日常（周年后修复）,150,150,150,150,1,5,32,APCR高速弹,0.313,0.021,68467,214
008 日常（周年后修复）,150,150,150,150,1,5,40,IOP T4外骨骼,0.105,0.012,68467,72
008 日常（周年后修复）,150,150,150,150,1,5,44,Type3防弹插板,0.257,0.019,68467,176
008 日常（周年后修复）,150,150,150,150,1,5,58,IOP X4外骨骼,0.107,0.012,68467,73
008 日常（周年后修复）,150,150,150,150,1,5,66,AC4消音器,0.353,0.023,68467,242
008 日常（周年后修复）,150,150,150,150,1,5,68,IOP极限弹链箱,0.143,0.014,68467,98
008 日常（周年后修复）,150,150,150,150,1,5,72,ILM空尖弹,0.295,0.021,68467,202
008 日常（周年后修复）,150,150,150,150,1,5,76,#000猎鹿弹,0.326,0.022,68467,223
008 日常（周年后修复）,150,150,150,150,1,5,80,SABOT独头弹,0.349,0.023,68467,239
008 日常（周年后修复）,150,150,150,150,1,5,90,热光学迷彩披风,0.256,0.019,68467,175
008 日常（周年后修复）,150,150,150,150,1,5,224,RMR T4红点,0.410,0.024,68467,281
008 日常（周年后修复）,150,150,150,150,1,5,225,信号弹,0.110,0.013,68467,75
008 日常（周年后修复）,150,150,150,150,1,5,227,M1022狙击弹,0.377,0.023,68467,258
008 日常（周年后修复）,150,150,150,150,1,5,229,Mk1000SLAP,0.140,0.014,68467,96
008 日常（周年后修复）,150,150,150,150,1,5,231,#7.5鸟弹,0.333,0.022,68467,228
008 日常（周年后修复）,150,150,150,150,1,5,234,#2运算芯片,0.292,0.021,68467,200
008 日常（周年后修复）,150,150,150,150,1,5,235,霰弹用闪光弹,0.202,0.017,68467,138
008 日常（周年后修复）,150,150,150,150,1,5,305,SF武器灯改,0.104,0.012,68467,71
008 日常（周年后修复）,150,150,150,150,1,5,308,Mk0多用途喉缩管,0.381,0.024,68467,261
008 日常（周年后修复）,150,150,150,150,1,5,309,专注芯片,0.307,0.021,68467,210
008 日常（周年后修复）,150,150,150,150,1,5,311,M200X LRF,0.963,0.037,68467,659
008 日常（周年后修复）,150,150,150,150,1,5,314,HD100脚架,0.453,0.026,68467,310
008 日常（周年后修复）,151,151,151,151,1,2,1,BM 3-12X40,1.453,0.043,76306,1109
008 日常（周年后修复）,151,151,151,151,1,2,5,EOT 506,1.415,0.043,76306,1080
008 日常（周年后修复）,151,151,151,151,1,2,9,AMP COMPM2,1.390,0.042,76306,1061
008 日常（周年后修复）,151,151,151,151,1,2,13,PEQ-2,1.480,0.044,76306,1129
008 日常（周年后修复）,151,151,151,151,1,2,17,M61穿甲弹,3.840,0.070,76306,2930
008 日常（周年后修复）,151,151,151,151,1,2,29,FMJ高速弹,3.744,0.069,76306,2857
008 日常（周年后修复）,151,151,151,151,1,2,37,IOP T1外骨骼,1.229,0.040,76306,938
008 日常（周年后修复）,151,151,151,151,1,2,55,IOP X1外骨骼,1.160,0.039,76306,885
008 日常（周年后修复）,151,151,151,151,1,2,63,AC1消音器,1.940,0.050,76306,1480
008 日常（周年后修复）,151,151,151,151,1,2,69,ILM空尖弹,2.776,0.059,76306,2118
008 日常（周年后修复）,151,151,151,151,1,2,73,#1猎鹿弹,3.738,0.069,76306,2852
008 日常（周年后修复）,151,151,151,151,1,2,77,BK独头弹,3.662,0.068,76306,2794
008 日常（周年后修复）,151,151,151,151,1,2,87,破旧披风,2.329,0.055,76306,1777
008 日常（周年后修复）,151,151,151,151,1,3,2,LRA 2-12x50,0.948,0.035,76306,723
008 日常（周年后修复）,151,151,151,151,1,3,6,EOT 512,0.929,0.035,76306,709
008 日常（周年后修复）,151,151,151,151,1,3,10,AMP COMPM4,0.979,0.036,76306,747
008 日常（周年后修复）,151,151,151,151,1,3,14,PEQ-5,0.934,0.035,76306,713
008 日常（周年后修复）,151,151,151,151,1,3,18,M993穿甲弹,2.535,0.057,76306,1934
008 日常（周年后修复）,151,151,151,151,1,3,30,JSP高速弹,2.432,0.056,76306,1856
008 日常（周年后修复）,151,151,151,151,1,3,38,IOP T2外骨骼,0.798,0.032,76306,609
008 日常（周年后修复）,151,151,151,151,1,3,42,Type1防弹插板,1.802,0.048,76306,1375
008 日常（周年后修复）,151,151,151,151,1,3,56,IOP X2外骨骼,0.785,0.032,76306,599
008 日常（周年后修复）,151,151,151,151,1,3,64,AC2消音器,1.287,0.041,76306,982
008 日常（周年后修复）,151,151,151,151,1,3,70,ILM空尖弹,1.789,0.048,76306,1365
008 日常（周年后修复）,151,151,151,151,1,3,74,#0猎鹿弹,2.498,0.056,76306,1906
008 日常（周年后修复）,151,151,151,151,1,3,78,FST独头弹,2.414,0.056,76306,1842
008 日常（周年后修复）,151,151,151,151,1,3,88,伪装披风,1.591,0.045,76306,1214
008 日常（周年后修复）,151,151,151,151,1,3,222,RMR红点,2.621,0.058,76306,2000
008 日常（周年后修复）,151,151,151,151,1,3,232,试制运算芯片,1.912,0.050,76306,1459
008 日常（周年后修复）,151,151,151,151,1,3,306,Mk3喉缩管,2.348,0.055,76306,1792
008 日常（周年后修复）,151,151,151,151,1,3,312,HD50脚架,1.950,0.050,76306,1488
008 日常（周年后修复）,151,151,151,151,1,4,3,PSO-1,0.704,0.030,76306,537
008 日常（周年后修复）,151,151,151,151,1,4,7,EOT 516,0.734,0.031,76306,560
008 日常（周年后修复）,151,151,151,151,1,4,11,COG M150,0.776,0.032,76306,592
008 日常（周年后修复）,151,151,151,151,1,4,15,PEQ-15,0.699,0.030,76306,533
008 日常（周年后修复）,151,151,151,151,1,4,19,Mk169穿甲弹,1.879,0.049,76306,1434
008 日常（周年后修复）,151,151,151,151,1,4,31,JHP高速弹,1.730,0.047,76306,1320
008 日常（周年后修复）,151,151,151,151,1,4,39,IOP T3外骨骼,0.541,0.027,76306,413
008 日常（周年后修复）,151,151,151,151,1,4,43,Type2防弹插板,1.350,0.042,76306,1030
008 日常（周年后修复）,151,151,151,151,1,4,57,IOP X3外骨骼,0.575,0.027,76306,439
008 日常（周年后修复）,151,151,151,151,1,4,65,AC3消音器,0.963,0.035,76306,735
008 日常（周年后修复）,151,151,151,151,1,4,67,IOP大容量弹链箱,0.718,0.031,76306,548
008 日常（周年后修复）,151,151,151,151,1,4,71,ILM空尖弹,1.335,0.042,76306,1019
008 日常（周年后修复）,151,151,151,151,1,4,75,#00猎鹿弹,1.763,0.048,76306,1345
008 日常（周年后修复）,151,151,151,151,1,4,79,WAD独头弹,1.658,0.046,76306,1265
008 日常（周年后修复）,151,151,151,151,1,4,89,城市迷彩披风,1.076,0.037,76306,821
008 日常（周年后修复）,151,151,151,151,1,4,223,RMR T2红点,1.835,0.049,76306,1400
008 日常（周年后修复）,151,151,151,151,1,4,226,M33狙击弹,1.823,0.048,76306,1391
008 日常（周年后修复）,151,151,151,151,1,4,228,Mk900SLAP,0.598,0.028,76306,456
008 日常（周年后修复）,151,151,151,151,1,4,230,#6鸟弹,1.736,0.047,76306,1325
008 日常（周年后修复）,151,151,151,151,1,4,233,#1运算芯片,1.317,0.041,76306,1005
008 日常（周年后修复）,151,151,151,151,1,4,307,Mk4喉缩管,1.668,0.046,76306,1273
008 日常（周年后修复）,151,151,151,151,1,4,310,M1050 LRF,4.726,0.077,76306,3606
008 日常（周年后修复）,151,151,151,151,1,4,313,HD50脚架Mk2,1.466,0.044,76306,1119
008 日常（周年后修复）,151,151,151,151,1,5,4,VFL 6-24X56,0.134,0.013,76306,102
008 日常（周年后修复）,151,151,151,151,1,5,8,EOT 518,0.128,0.013,76306,98
008 日常（周年后修复）,151,151,151,151,1,5,12,ITI MARS,0.123,0.013,76306,94
008 日常（周年后修复）,151,151,151,151,1,5,16,PEQ-16A,0.122,0.013,76306,93
008 日常（周年后修复）,151,151,151,151,1,5,20,Mk211高爆穿甲弹,0.351,0.021,76306,268
008 日常（周年后修复）,151,151,151,151,1,5,32,APCR高速弹,0.391,0.023,76306,298
008 日常（周年后修复）,151,151,151,151,1,5,40,IOP T4外骨骼,0.123,0.013,76306,94
008 日常（周年后修复）,151,151,151,151,1,5,44,Type3防弹插板,0.214,0.017,76306,163
008 日常（周年后修复）,151,151,151,151,1,5,58,IOP X4外骨骼,0.114,0.012,76306,87
008 日常（周年后修复）,151,151,151,151,1,5,66,AC4消音器,0.370,0.022,76306,282
008 日常（周年后修复）,151,151,151,151,1,5,68,IOP极限弹链箱,0.147,0.014,76306,112
008 日常（周年后修复）,151,151,151,151,1,5,72,ILM空尖弹,0.282,0.019,76306,215
008 日常（周年后修复）,151,151,151,151,1,5,76,#000猎鹿弹,0.364,0.022,76306,278
008 日常（周年后修复）,151,151,151,151,1,5,80,SABOT独头弹,0.368,0.022,76306,281
008 日常（周年后修复）,151,151,151,151,1,5,90,热光学迷彩披风,0.249,0.018,76306,190
008 日常（周年后修复）,151,151,151,151,1,5,224,RMR T4红点,0.426,0.024,76306,325
008 日常（周年后修复）,151,151,151,151,1,5,225,信号弹,0.110,0.012,76306,84
008 日常（周年后修复）,151,151,151,151,1,5,227,M1022狙击弹,0.366,0.022,76306,279
008 日常（周年后修复）,151,151,151,151,1,5,229,Mk1000SLAP,0.117,0.012,76306,89
008 日常（周年后修复）,151,151,151,151,1,5,231,#7.5鸟弹,0.353,0.021,76306,269
008 日常（周年后修复）,151,151,151,151,1,5,234,#2运算芯片,0.274,0.019,76306,209
008 日常（周年后修复）,151,151,151,151,1,5,235,霰弹用闪光弹,0.164,0.015,76306,125
008 日常（周年后修复）,151,151,151,151,1,5,305,SF武器灯改,0.122,0.013,76306,93
008 日常（周年后修复）,151,151,151,151,1,5,308,Mk0多用途喉缩管,0.392,0.023,76306,299
008 日常（周年后修复）,151,151,151,151,1,5,309,专注芯片,0.292,0.020,76306,223
008 日常（周年后修复）,151,151,151,151,1,5,311,M200X LRF,1.047,0.037,76306,799
008 日常（周年后修复）,151,151,151,151,1,5,314,HD100脚架,0.482,0.025,76306,368
008 日常（周年后修复）,170,120,50,50,0,3,232,试制运算芯片,75.249,0.150,82684,62219
008 日常（周年后修复）,170,120,50,50,0,4,233,#1运算芯片,20.303,0.140,82684,16787
008 日常（周年后修复）,170,120,50,50,0,5,234,#2运算芯片,2.210,0.051,82684,1827
008 日常（周年后修复）,170,120,50,50,0,5,309,专注芯片,2.239,0.051,82684,1851
008 日常（周年后修复）,170,120,50,50,1,2,1,BM 3-12X40,2.049,0.065,48174,987
008 日常（周年后修复）,170,120,50,50,1,2,5,EOT 506,2.043,0.064,48174,984
008 日常（周年后修复）,170,120,50,50,1,2,9,AMP COMPM2,1.955,0.063,48174,942
008 日常（周年后修复）,170,120,50,50,1,2,13,PEQ-2,1.719,0.059,48174,828
008 日常（周年后修复）,170,120,50,50,1,2,17,M61穿甲弹,2.680,0.074,48174,1291
008 日常（周年后修复）,170,120,50,50,1,2,29,FMJ高速弹,2.860,0.076,48174,1378
008 日常（周年后修复）,170,120,50,50,1,2,37,IOP T1外骨骼,1.135,0.048,48174,547
008 日常（周年后修复）,170,120,50,50,1,2,55,IOP X1外骨骼,1.148,0.049,48174,553
008 日常（周年后修复）,170,120,50,50,1,2,63,AC1消音器,7.431,0.119,48174,3580
008 日常（周年后修复）,170,120,50,50,1,2,69,ILM空尖弹,8.349,0.126,48174,4022
008 日常（周年后修复）,170,120,50,50,1,2,73,#1猎鹿弹,1.953,0.063,48174,941
008 日常（周年后修复）,170,120,50,50,1,2,77,BK独头弹,1.949,0.063,48174,939
008 日常（周年后修复）,170,120,50,50,1,2,87,破旧披风,2.962,0.077,48174,1427
008 日常（周年后修复）,170,120,50,50,1,3,2,LRA 2-12x50,0.531,0.033,48174,256
008 日常（周年后修复）,170,120,50,50,1,3,6,EOT 512,0.515,0.033,48174,248
008 日常（周年后修复）,170,120,50,50,1,3,10,AMP COMPM4,0.540,0.033,48174,260
008 日常（周年后修复）,170,120,50,50,1,3,14,PEQ-5,0.484,0.032,48174,233
008 日常（周年后修复）,170,120,50,50,1,3,18,M993穿甲弹,0.644,0.036,48174,310
008 日常（周年后修复）,170,120,50,50,1,3,30,JSP高速弹,0.739,0.039,48174,356
008 日常（周年后修复）,170,120,50,50,1,3,38,IOP T2外骨骼,0.286,0.024,48174,138
008 日常（周年后修复）,170,120,50,50,1,3,42,Type1防弹插板,0.521,0.033,48174,251
008 日常（周年后修复）,170,120,50,50,1,3,56,IOP X2外骨骼,0.293,0.025,48174,141
008 日常（周年后修复）,170,120,50,50,1,3,64,AC2消音器,1.987,0.064,48174,957
008 日常（周年后修复）,170,120,50,50,1,3,70,ILM空尖弹,2.261,0.068,48174,1089
008 日常（周年后修复）,170,120,50,50,1,3,74,#0猎鹿弹,0.471,0.031,48174,227
008 日常（周年后修复）,170,120,50,50,1,3,78,FST独头弹,0.446,0.030,48174,215
008 日常（周年后修复）,170,120,50,50,1,3,88,伪装披风,0.683,0.038,48174,329
008 日常（周年后修复）,170,120,50,50,1,3,222,RMR红点,2.734,0.074,48174,1317
008 日常（周年后修复）,170,120,50,50,1,3,232,试制运算芯片,24.052,0.195,48174,11587
008 日常（周年后修复）,170,120,50,50,1,3,312,HD50脚架,0.002,0.002,48174,1
008 日常（周年后修复）,170,120,50,50,1,4,3,PSO-1,0.280,0.024,48174,135
008 日常（周年后修复）,170,120,50,50,1,4,7,EOT 516,0.232,0.022,48174,112
008 日常（周年后修复）,170,120,50,50,1,4,11,COG M150,0.297,0.025,48174,143
008 日常（周年后修复）,170,120,50,50,1,4,15,PEQ-15,0.241,0.022,48174,116
008 日常（周年后修复）,170,120,50,50,1,4,19,Mk169穿甲弹,0.293,0.025,48174,141
008 日常（周年后修复）,170,120,50,50,1,4,31,JHP高速弹,0.361,0.027,48174,174
008 日常（周年后修复）,170,120,50,50,1,4,39,IOP T3外骨骼,0.118,0.016,48174,57
008 日常（周年后修复）,170,120,50,50,1,4,43,Type2防弹插板,0.259,0.023,48174,125
008 日常（周年后修复）,170,120,50,50,1,4,57,IOP X3外骨骼,0.158,0.018,48174,76
008 日常（周年后修复）,170,120,50,50,1,4,65,AC3消音器,1.013,0.046,48174,488
008 日常（周年后修复）,170,120,50,50,1,4,71,ILM空尖弹,1.057,0.047,48174,509
008 日常（周年后修复）,170,120,50,50,1,4,75,#00猎鹿弹,0.235,0.022,48174,113
008 日常（周年后修复）,170,120,50,50,1,4,79,WAD独头弹,0.237,0.022,48174,114
008 日常（周年后修复）,170,120,50,50,1,4,89,城市迷彩披风,0.367,0.028,48174,177
008 日常（周年后修复）,170,120,50,50,1,4,223,RMR T2红点,1.233,0.050,48174,594
008 日常（周年后修复）,170,120,50,50,1,4,226,M33狙击弹,0.399,0.029,48174,192
008 日常（周年后修复）,170,120,50,50,1,4,228,Mk900SLAP,0.195,0.020,48174,94
008 日常（周年后修复）,170,120,50,50,1,4,230,#6鸟弹,0.247,0.023,48174,119
008 日常（周年后修复）,170,120,50,50,1,4,233,#1运算芯片,12.642,0.151,48174,6090
008 日常（周年后修复）,170,120,50,50,1,5,4,VFL 6-24X56,0.029,0.008,48174,14
008 日常（周年后修复）,170,120,50,50,1,5,8,EOT 518,0.031,0.008,48174,15
008 日常（周年后修复）,170,120,50,50,1,5,12,ITI MARS,0.046,0.010,48174,22
008 日常（周年后修复）,170,120,50,50,1,5,16,PEQ-16A,0.017,0.006,48174,8
008 日常（周年后修复）,170,120,50,50,1,5,20,Mk211高爆穿甲弹,0.037,0.009,48174,18
008 日常（周年后修复）,170,120,50,50,1,5,32,APCR高速弹,0.048,0.010,48174,23
008 日常（周年后修复）,170,120,50,50,1,5,40,IOP T4外骨骼,0.015,0.005,48174,7
008 日常（周年后修复）,170,120,50,50,1,5,44,Type3防弹插板,0.035,0.009,48174,17
008 日常（周年后修复）,170,120,50,50,1,5,58,IOP X4外骨骼,0.017,0.006,48174,8
008 日常（周年后修复）,170,120,50,50,1,5,66,AC4消音器,0.210,0.021,48174,101
008 日常（周年后修复）,170,120,50,50,1,5,72,ILM空尖弹,0.158,0.018,48174,76
008 日常（周年后修复）,170,120,50,50,1,5,76,#000猎鹿弹,0.039,0.009,48174,19
008 日常（周年后修复）,170,120,50,50,1,5,80,SABOT独头弹,0.027,0.007,48174,13
008 日常（周年后修复）,170,120,50,50,1,5,90,热光学迷彩披风,0.066,0.012,48174,32
008 日常（周年后修复）,170,120,50,50,1,5,224,RMR T4红点,0.241,0.022,48174,116
008 日常（周年后修复）,170,120,50,50,1,5,225,信号弹,0.054,0.011,48174,26
008 日常（周年后修复）,170,120,50,50,1,5,227,M1022狙击弹,0.044,0.010,48174,21
008 日常（周年后修复）,170,120,50,50,1,5,229,Mk1000SLAP,0.031,0.008,48174,15
008 日常（周年后修复）,170,120,50,50,1,5,231,#7.5鸟弹,0.033,0.008,48174,16
008 日常（周年后修复）,170,120,50,50,1,5,234,#2运算芯片,1.708,0.059,48174,823
008 日常（周年后修复）,170,120,50,50,1,5,235,霰弹用闪光弹,0.025,0.007,48174,12
008 日常（周年后修复）,170,120,50,50,1,5,305,SF武器灯改,0.025,0.007,48174,12
008 日常（周年后修复）,170,120,50,50,1,5,309,专注芯片,1.779,0.060,48174,857
008 日常（周年后修复）,180,20,200,20,0,2,87,破旧披风,37.907,0.356,18585,7045
008 日常（周年后修复）,180,20,200,20,0,3,88,伪装披风,38.596,0.357,18585,7173
008 日常（周年后修复）,180,20,200,20,0,4,89,城市迷彩披风,19.144,0.289,18585,3558
008 日常（周年后修复）,180,20,200,20,0,5,90,热光学迷彩披风,4.353,0.150,18585,809
008 日常（周年后修复）,180,20,200,20,1,2,1,BM 3-12X40,1.087,0.093,12416,135
008 日常（周年后修复）,180,20,200,20,1,2,5,EOT 506,1.401,0.105,12416,174
008 日常（周年后修复）,180,20,200,20,1,2,9,AMP COMPM2,1.345,0.103,12416,167
008 日常（周年后修复）,180,20,200,20,1,2,13,PEQ-2,1.047,0.091,12416,130
008 日常（周年后修复）,180,20,200,20,1,2,37,IOP T1外骨骼,0.185,0.039,12416,23
008 日常（周年后修复）,180,20,200,20,1,2,55,IOP X1外骨骼,0.242,0.044,12416,30
008 日常（周年后修复）,180,20,200,20,1,2,63,AC1消音器,0.942,0.087,12416,117
008 日常（周年后修复）,180,20,200,20,1,2,87,破旧披风,30.944,0.415,12416,3842
008 日常（周年后修复）,180,20,200,20,1,3,2,LRA 2-12x50,1.329,0.103,12416,165
008 日常（周年后修复）,180,20,200,20,1,3,6,EOT 512,1.273,0.101,12416,158
008 日常（周年后修复）,180,20,200,20,1,3,10,AMP COMPM4,1.256,0.100,12416,156
008 日常（周年后修复）,180,20,200,20,1,3,14,PEQ-5,0.902,0.085,12416,112
008 日常（周年后修复）,180,20,200,20,1,3,38,IOP T2外骨骼,0.266,0.046,12416,33
008 日常（周年后修复）,180,20,200,20,1,3,42,Type1防弹插板,0.588,0.069,12416,73
008 日常（周年后修复）,180,20,200,20,1,3,56,IOP X2外骨骼,0.209,0.041,12416,26
008 日常（周年后修复）,180,20,200,20,1,3,64,AC2消音器,0.701,0.075,12416,87
008 日常（周年后修复）,180,20,200,20,1,3,88,伪装披风,29.953,0.411,12416,3719
008 日常（周年后修复）,180,20,200,20,1,3,222,RMR红点,1.434,0.107,12416,178
008 日常（周年后修复）,180,20,200,20,1,3,232,试制运算芯片,0.934,0.086,12416,116
008 日常（周年后修复）,180,20,200,20,1,4,3,PSO-1,0.612,0.070,12416,76
008 日常（周年后修复）,180,20,200,20,1,4,7,EOT 516,0.564,0.067,12416,70
008 日常（周年后修复）,180,20,200,20,1,4,11,COG M150,0.515,0.064,12416,64
008 日常（周年后修复）,180,20,200,20,1,4,15,PEQ-15,0.540,0.066,12416,67
008 日常（周年后修复）,180,20,200,20,1,4,39,IOP T3外骨骼,0.129,0.032,12416,16
008 日常（周年后修复）,180,20,200,20,1,4,43,Type2防弹插板,0.282,0.048,12416,35
008 日常（周年后修复）,180,20,200,20,1,4,57,IOP X3外骨骼,0.105,0.029,12416,13
008 日常（周年后修复）,180,20,200,20,1,4,65,AC3消音器,0.354,0.053,12416,44
008 日常（周年后修复）,180,20,200,20,1,4,89,城市迷彩披风,15.222,0.322,12416,1890
008 日常（周年后修复）,180,20,200,20,1,4,223,RMR T2红点,0.483,0.062,12416,60
008 日常（周年后修复）,180,20,200,20,1,4,233,#1运算芯片,0.387,0.056,12416,48
008 日常（周年后修复）,180,20,200,20,1,5,4,VFL 6-24X56,0.137,0.033,12416,17
008 日常（周年后修复）,180,20,200,20,1,5,8,EOT 518,0.161,0.036,12416,20
008 日常（周年后修复）,180,20,200,20,1,5,12,ITI MARS,0.064,0.023,12416,8
008 日常（周年后修复）,180,20,200,20,1,5,16,PEQ-16A,0.072,0.024,12416,9
008 日常（周年后修复）,180,20,200,20,1,5,44,Type3防弹插板,0.064,0.023,12416,8
008 日常（周年后修复）,180,20,200,20,1,5,58,IOP X4外骨骼,0.008,0.008,12416,1
008 日常（周年后修复）,180,20,200,20,1,5,66,AC4消音器,0.129,0.032,12416,16
008 日常（周年后修复）,180,20,200,20,1,5,90,热光学迷彩披风,3.673,0.169,12416,456
008 日常（周年后修复）,180,20,200,20,1,5,224,RMR T4红点,0.177,0.038,12416,22
008 日常（周年后修复）,180,20,200,20,1,5,234,#2运算芯片,0.072,0.024,12416,9
008 日常（周年后修复）,180,20,200,20,1,5,305,SF武器灯改,0.089,0.027,12416,11
008 日常（周年后修复）,180,20,200,20,1,5,309,专注芯片,0.121,0.031,12416,15
008 日常（周年后修复）,180,65,65,65,0,3,222,RMR红点,73.745,0.263,27919,20589
008 日常（周年后修复）,180,65,65,65,0,4,223,RMR T2红点,21.301,0.245,27919,5947
008 日常（周年后修复）,180,65,65,65,0,5,224,RMR T4红点,4.954,0.130,27919,1383
008 日常（周年后修复）,180,65,65,65,1,2,1,BM 3-12X40,4.117,0.171,13506,556
008 日常（周年后修复）,180,65,65,65,1,2,5,EOT 506,3.887,0.166,13506,525
008 日常（周年后修复）,180,65,65,65,1,2,9,AMP COMPM2,3.754,0.164,13506,507
008 日常（周年后修复）,180,65,65,65,1,2,13,PEQ-2,3.154,0.150,13506,426
008 日常（周年后修复）,180,65,65,65,1,2,37,IOP T1外骨骼,2.577,0.136,13506,348
008 日常（周年后修复）,180,65,65,65,1,2,55,IOP X1外骨骼,2.362,0.131,13506,319
008 日常（周年后修复）,180,65,65,65,1,2,63,AC1消音器,11.950,0.279,13506,1614
008 日常（周年后修复）,180,65,65,65,1,2,87,破旧披风,5.953,0.204,13506,804
008 日常（周年后修复）,180,65,65,65,1,3,2,LRA 2-12x50,0.481,0.060,13506,65
008 日常（周年后修复）,180,65,65,65,1,3,6,EOT 512,0.407,0.055,13506,55
008 日常（周年后修复）,180,65,65,65,1,3,10,AMP COMPM4,0.511,0.061,13506,69
008 日常（周年后修复）,180,65,65,65,1,3,14,PEQ-5,0.415,0.055,13506,56
008 日常（周年后修复）,180,65,65,65,1,3,38,IOP T2外骨骼,0.259,0.044,13506,35
008 日常（周年后修复）,180,65,65,65,1,3,42,Type1防弹插板,0.570,0.065,13506,77
008 日常（周年后修复）,180,65,65,65,1,3,56,IOP X2外骨骼,0.237,0.042,13506,32
008 日常（周年后修复）,180,65,65,65,1,3,64,AC2消音器,1.348,0.099,13506,182
008 日常（周年后修复）,180,65,65,65,1,3,88,伪装披风,0.659,0.070,13506,89
008 日常（周年后修复）,180,65,65,65,1,3,222,RMR红点,29.779,0.393,13506,4022
008 日常（周年后修复）,180,65,65,65,1,3,232,试制运算芯片,1.599,0.108,13506,216
008 日常（周年后修复）,180,65,65,65,1,4,3,PSO-1,0.311,0.048,13506,42
008 日常（周年后修复）,180,65,65,65,1,4,7,EOT 516,0.215,0.040,13506,29
008 日常（周年后修复）,180,65,65,65,1,4,11,COG M150,0.274,0.045,13506,37
008 日常（周年后修复）,180,65,65,65,1,4,15,PEQ-15,0.200,0.038,13506,27
008 日常（周年后修复）,180,65,65,65,1,4,39,IOP T3外骨骼,0.096,0.027,13506,13
008 日常（周年后修复）,180,65,65,65,1,4,43,Type2防弹插板,0.348,0.051,13506,47
008 日常（周年后修复）,180,65,65,65,1,4,57,IOP X3外骨骼,0.148,0.033,13506,20
008 日常（周年后修复）,180,65,65,65,1,4,65,AC3消音器,0.740,0.074,13506,100
008 日常（周年后修复）,180,65,65,65,1,4,89,城市迷彩披风,0.385,0.053,13506,52
008 日常（周年后修复）,180,65,65,65,1,4,223,RMR T2红点,17.370,0.326,13506,2346
008 日常（周年后修复）,180,65,65,65,1,4,233,#1运算芯片,0.955,0.084,13506,129
008 日常（周年后修复）,180,65,65,65,1,5,4,VFL 6-24X56,0.044,0.018,13506,6
008 日常（周年后修复）,180,65,65,65,1,5,8,EOT 518,0.022,0.013,13506,3
008 日常（周年后修复）,180,65,65,65,1,5,12,ITI MARS,0.052,0.020,13506,7
008 日常（周年后修复）,180,65,65,65,1,5,16,PEQ-16A,0.052,0.020,13506,7
008 日常（周年后修复）,180,65,65,65,1,5,40,IOP T4外骨骼,0.015,0.010,13506,2
008 日常（周年后修复）,180,65,65,65,1,5,44,Type3防弹插板,0.067,0.022,13506,9
008 日常（周年后修复）,180,65,65,65,1,5,58,IOP X4外骨骼,0.037,0.017,13506,5
008 日常（周年后修复）,180,65,65,65,1,5,66,AC4消音器,0.289,0.046,13506,39
008 日常（周年后修复）,180,65,65,65,1,5,90,热光学迷彩披风,0.111,0.029,13506,15
008 日常（周年后修复）,180,65,65,65,1,5,224,RMR T4红点,3.843,0.165,13506,519
008 日常（周年后修复）,180,65,65,65,1,5,234,#2运算芯片,0.215,0.040,13506,29
008 日常（周年后修复）,180,65,65,65,1,5,305,SF武器灯改,0.052,0.020,13506,7
008 日常（周年后修复）,180,65,65,65,1,5,309,专注芯片,0.141,0.032,13506,19
008 日常（周年后修复）,180,180,10,50,0,2,69,ILM空尖弹,36.977,0.193,62875,23249
008 日常（周年后修复）,180,180,10,50,0,3,70,ILM空尖弹,36.948,0.192,62875,23231
008 日常（周年后修复）,180,180,10,50,0,4,71,ILM空尖弹,21.043,0.163,62875,13231
008 日常（周年后修复）,180,180,10,50,0,5,72,ILM空尖弹,2.363,0.061,62875,1486
008 日常（周年后修复）,180,180,10,50,0,5,225,信号弹,2.669,0.064,62875,1678
008 日常（周年后修复）,180,180,10,50,1,2,1,BM 3-12X40,0.508,0.029,59604,303
008 日常（周年后修复）,180,180,10,50,1,2,5,EOT 506,0.505,0.029,59604,301
008 日常（周年后修复）,180,180,10,50,1,2,9,AMP COMPM2,0.455,0.028,59604,271
008 日常（周年后修复）,180,180,10,50,1,2,13,PEQ-2,0.441,0.027,59604,263
008 日常（周年后修复）,180,180,10,50,1,2,17,M61穿甲弹,0.730,0.035,59604,435
008 日常（周年后修复）,180,180,10,50,1,2,29,FMJ高速弹,0.976,0.040,59604,582
008 日常（周年后修复）,180,180,10,50,1,2,37,IOP T1外骨骼,0.329,0.023,59604,196
008 日常（周年后修复）,180,180,10,50,1,2,55,IOP X1外骨骼,0.369,0.025,59604,220
008 日常（周年后修复）,180,180,10,50,1,2,63,AC1消音器,1.148,0.044,59604,684
008 日常（周年后修复）,180,180,10,50,1,2,69,ILM空尖弹,29.300,0.186,59604,17464
008 日常（周年后修复）,180,180,10,50,1,2,73,#1猎鹿弹,0.631,0.032,59604,376
008 日常（周年后修复）,180,180,10,50,1,2,77,BK独头弹,0.602,0.032,59604,359
008 日常（周年后修复）,180,180,10,50,1,2,87,破旧披风,0.703,0.034,59604,419
008 日常（周年后修复）,180,180,10,50,1,3,2,LRA 2-12x50,0.453,0.028,59604,270
008 日常（周年后修复）,180,180,10,50,1,3,6,EOT 512,0.404,0.026,59604,241
008 日常（周年后修复）,180,180,10,50,1,3,10,AMP COMPM4,0.394,0.026,59604,235
008 日常（周年后修复）,180,180,10,50,1,3,14,PEQ-5,0.349,0.024,59604,208
008 日常（周年后修复）,180,180,10,50,1,3,18,M993穿甲弹,0.679,0.034,59604,405
008 日常（周年后修复）,180,180,10,50,1,3,30,JSP高速弹,0.802,0.037,59604,478
008 日常（周年后修复）,180,180,10,50,1,3,38,IOP T2外骨骼,0.292,0.022,59604,174
008 日常（周年后修复）,180,180,10,50,1,3,42,Type1防弹插板,0.475,0.028,59604,283
008 日常（周年后修复）,180,180,10,50,1,3,56,IOP X2外骨骼,0.314,0.023,59604,187
008 日常（周年后修复）,180,180,10,50,1,3,64,AC2消音器,0.978,0.040,59604,583
008 日常（周年后修复）,180,180,10,50,1,3,70,ILM空尖弹,26.384,0.181,59604,15726
008 日常（周年后修复）,180,180,10,50,1,3,74,#0猎鹿弹,0.554,0.030,59604,330
008 日常（周年后修复）,180,180,10,50,1,3,78,FST独头弹,0.537,0.030,59604,320
008 日常（周年后修复）,180,180,10,50,1,3,88,伪装披风,0.633,0.032,59604,377
008 日常（周年后修复）,180,180,10,50,1,3,222,RMR红点,1.671,0.053,59604,996
008 日常（周年后修复）,180,180,10,50,1,3,232,试制运算芯片,2.201,0.060,59604,1312
008 日常（周年后修复）,180,180,10,50,1,4,3,PSO-1,0.221,0.019,59604,132
008 日常（周年后修复）,180,180,10,50,1,4,7,EOT 516,0.233,0.020,59604,139
008 日常（周年后修复）,180,180,10,50,1,4,11,COG M150,0.215,0.019,59604,128
008 日常（周年后修复）,180,180,10,50,1,4,15,PEQ-15,0.201,0.018,59604,120
008 日常（周年后修复）,180,180,10,50,1,4,19,Mk169穿甲弹,0.359,0.024,59604,214
008 日常（周年后修复）,180,180,10,50,1,4,31,JHP高速弹,0.433,0.027,59604,258
008 日常（周年后修复）,180,180,10,50,1,4,39,IOP T3外骨骼,0.124,0.014,59604,74
008 日常（周年后修复）,180,180,10,50,1,4,43,Type2防弹插板,0.203,0.018,59604,121
008 日常（周年后修复）,180,180,10,50,1,4,57,IOP X3外骨骼,0.193,0.018,59604,115
008 日常（周年后修复）,180,180,10,50,1,4,65,AC3消音器,0.572,0.031,59604,341
008 日常（周年后修复）,180,180,10,50,1,4,71,ILM空尖弹,14.330,0.144,59604,8541
008 日常（周年后修复）,180,180,10,50,1,4,75,#00猎鹿弹,0.310,0.023,59604,185
008 日常（周年后修复）,180,180,10,50,1,4,79,WAD独头弹,0.272,0.021,59604,162
008 日常（周年后修复）,180,180,10,50,1,4,89,城市迷彩披风,0.327,0.023,59604,195
008 日常（周年后修复）,180,180,10,50,1,4,223,RMR T2红点,0.899,0.039,59604,536
008 日常（周年后修复）,180,180,10,50,1,4,226,M33狙击弹,0.351,0.024,59604,209
008 日常（周年后修复）,180,180,10,50,1,4,228,Mk900SLAP,0.282,0.022,59604,168
008 日常（周年后修复）,180,180,10,50,1,4,230,#6鸟弹,0.268,0.021,59604,160
008 日常（周年后修复）,180,180,10,50,1,4,233,#1运算芯片,1.258,0.046,59604,750
008 日常（周年后修复）,180,180,10,50,1,4,310,M1050 LRF,0.002,0.002,59604,1
008 日常（周年后修复）,180,180,10,50,1,5,4,VFL 6-24X56,0.030,0.007,59604,18
008 日常（周年后修复）,180,180,10,50,1,5,8,EOT 518,0.032,0.007,59604,19
008 日常（周年后修复）,180,180,10,50,1,5,12,ITI MARS,0.050,0.009,59604,30
008 日常（周年后修复）,180,180,10,50,1,5,16,PEQ-16A,0.027,0.007,59604,16
008 日常（周年后修复）,180,180,10,50,1,5,20,Mk211高爆穿甲弹,0.054,0.009,59604,32
008 日常（周年后修复）,180,180,10,50,1,5,32,APCR高速弹,0.086,0.012,59604,51
008 日常（周年后修复）,180,180,10,50,1,5,40,IOP T4外骨骼,0.022,0.006,59604,13
008 日常（周年后修复）,180,180,10,50,1,5,44,Type3防弹插板,0.037,0.008,59604,22
008 日常（周年后修复）,180,180,10,50,1,5,58,IOP X4外骨骼,0.034,0.008,59604,20
008 日常（周年后修复）,180,180,10,50,1,5,66,AC4消音器,0.131,0.015,59604,78
008 日常（周年后修复）,180,180,10,50,1,5,72,ILM空尖弹,2.698,0.066,59604,1608
008 日常（周年后修复）,180,180,10,50,1,5,76,#000猎鹿弹,0.044,0.009,59604,26
008 日常（周年后修复）,180,180,10,50,1,5,80,SABOT独头弹,0.045,0.009,59604,27
008 日常（周年后修复）,180,180,10,50,1,5,90,热光学迷彩披风,0.086,0.012,59604,51
008 日常（周年后修复）,180,180,10,50,1,5,224,RMR T4红点,0.168,0.017,59604,100
008 日常（周年后修复）,180,180,10,50,1,5,225,信号弹,0.955,0.040,59604,569
008 日常（周年后修复）,180,180,10,50,1,5,227,M1022狙击弹,0.049,0.009,59604,29
008 日常（周年后修复）,180,180,10,50,1,5,229,Mk1000SLAP,0.054,0.009,59604,32
008 日常（周年后修复）,180,180,10,50,1,5,231,#7.5鸟弹,0.054,0.009,59604,32
008 日常（周年后修复）,180,180,10,50,1,5,234,#2运算芯片,0.225,0.019,59604,134
008 日常（周年后修复）,180,180,10,50,1,5,235,霰弹用闪光弹,0.022,0.006,59604,13
008 日常（周年后修复）,180,180,10,50,1,5,305,SF武器灯改,0.034,0.008,59604,20
008 日常（周年后修复）,180,180,10,50,1,5,309,专注芯片,0.196,0.018,59604,117
008 日常（周年后修复）,210,210,210,210,1,2,1,BM 3-12X40,1.406,0.199,3485,49
008 日常（周年后修复）,210,210,210,210,1,2,5,EOT 506,1.291,0.191,3485,45
008 日常（周年后修复）,210,210,210,210,1,2,9,AMP COMPM2,1.521,0.207,3485,53
008 日常（周年后修复）,210,210,210,210,1,2,13,PEQ-2,1.349,0.195,3485,47
008 日常（周年后修复）,210,210,210,210,1,2,17,M61穿甲弹,2.927,0.285,3485,102
008 日常（周年后修复）,210,210,210,210,1,2,29,FMJ高速弹,3.529,0.313,3485,123
008 日常（周年后修复）,210,210,210,210,1,2,37,IOP T1外骨骼,1.033,0.171,3485,36
008 日常（周年后修复）,210,210,210,210,1,2,55,IOP X1外骨骼,1.062,0.174,3485,37
008 日常（周年后修复）,210,210,210,210,1,2,63,AC1消音器,1.492,0.205,3485,52
008 日常（周年后修复）,210,210,210,210,1,2,69,ILM空尖弹,2.468,0.263,3485,86
008 日常（周年后修复）,210,210,210,210,1,2,73,#1猎鹿弹,2.439,0.261,3485,85
008 日常（周年后修复）,210,210,210,210,1,2,77,BK独头弹,2.209,0.249,3485,77
008 日常（周年后修复）,210,210,210,210,1,2,87,破旧披风,2.582,0.269,3485,90
008 日常（周年后修复）,210,210,210,210,1,3,2,LRA 2-12x50,0.746,0.146,3485,26
008 日常（周年后修复）,210,210,210,210,1,3,6,EOT 512,0.890,0.159,3485,31
008 日常（周年后修复）,210,210,210,210,1,3,10,AMP COMPM4,0.890,0.159,3485,31
008 日常（周年后修复）,210,210,210,210,1,3,14,PEQ-5,0.631,0.134,3485,22
008 日常（周年后修复）,210,210,210,210,1,3,18,M993穿甲弹,1.549,0.209,3485,54
008 日常（周年后修复）,210,210,210,210,1,3,30,JSP高速弹,1.722,0.220,3485,60
008 日常（周年后修复）,210,210,210,210,1,3,38,IOP T2外骨骼,0.430,0.111,3485,15
008 日常（周年后修复）,210,210,210,210,1,3,42,Type1防弹插板,0.861,0.156,3485,30
008 日常（周年后修复）,210,210,210,210,1,3,56,IOP X2外骨骼,0.516,0.121,3485,18
008 日常（周年后修复）,210,210,210,210,1,3,64,AC2消音器,0.660,0.137,3485,23
008 日常（周年后修复）,210,210,210,210,1,3,70,ILM空尖弹,1.349,0.195,3485,47
008 日常（周年后修复）,210,210,210,210,1,3,74,#0猎鹿弹,1.750,0.222,3485,61
008 日常（周年后修复）,210,210,210,210,1,3,78,FST独头弹,1.722,0.220,3485,60
008 日常（周年后修复）,210,210,210,210,1,3,88,伪装披风,1.693,0.219,3485,59
008 日常（周年后修复）,210,210,210,210,1,3,222,RMR红点,1.951,0.234,3485,68
008 日常（周年后修复）,210,210,210,210,1,3,232,试制运算芯片,1.119,0.178,3485,39
008 日常（周年后修复）,210,210,210,210,1,3,306,Mk3喉缩管,2.037,0.239,3485,71
008 日常（周年后修复）,210,210,210,210,1,3,312,HD50脚架,2.525,0.266,3485,88
008 日常（周年后修复）,210,210,210,210,1,4,3,PSO-1,1.062,0.174,3485,37
008 日常（周年后修复）,210,210,210,210,1,4,7,EOT 516,0.803,0.151,3485,28
008 日常（周年后修复）,210,210,210,210,1,4,11,COG M150,1.148,0.180,3485,40
008 日常（周年后修复）,210,210,210,210,1,4,15,PEQ-15,0.947,0.164,3485,33
008 日常（周年后修复）,210,210,210,210,1,4,19,Mk169穿甲弹,1.836,0.227,3485,64
008 日常（周年后修复）,210,210,210,210,1,4,31,JHP高速弹,2.238,0.251,3485,78
008 日常（周年后修复）,210,210,210,210,1,4,39,IOP T3外骨骼,0.803,0.151,3485,28
008 日常（周年后修复）,210,210,210,210,1,4,43,Type2防弹插板,1.521,0.207,3485,53
008 日常（周年后修复）,210,210,210,210,1,4,57,IOP X3外骨骼,0.402,0.107,3485,14
008 日常（周年后修复）,210,210,210,210,1,4,65,AC3消音器,1.291,0.191,3485,45
008 日常（周年后修复）,210,210,210,210,1,4,67,IOP大容量弹链箱,1.664,0.217,3485,58
008 日常（周年后修复）,210,210,210,210,1,4,71,ILM空尖弹,1.894,0.231,3485,66
008 日常（周年后修复）,210,210,210,210,1,4,75,#00猎鹿弹,1.664,0.217,3485,58
008 日常（周年后修复）,210,210,210,210,1,4,79,WAD独头弹,1.894,0.231,3485,66
008 日常（周年后修复）,210,210,210,210,1,4,89,城市迷彩披风,1.750,0.222,3485,61
008 日常（周年后修复）,210,210,210,210,1,4,223,RMR T2红点,2.238,0.251,3485,78
008 日常（周年后修复）,210,210,210,210,1,4,226,M33狙击弹,1.836,0.227,3485,64
008 日常（周年后修复）,210,210,210,210,1,4,228,Mk900SLAP,1.062,0.174,3485,37
008 日常（周年后修复）,210,210,210,210,1,4,230,#6鸟弹,1.722,0.220,3485,60
008 日常（周年后修复）,210,210,210,210,1,4,233,#1运算芯片,1.607,0.213,3485,56
008 日常（周年后修复）,210,210,210,210,1,4,307,Mk4喉缩管,2.554,0.267,3485,89
008 日常（周年后修复）,210,210,210,210,1,4,310,M1050 LRF,6.083,0.405,3485,212
008 日常（周年后修复）,210,210,210,210,1,4,313,HD50脚架Mk2,3.845,0.326,3485,134
008 日常（周年后修复）,210,210,210,210,1,5,4,VFL 6-24X56,0.029,0.029,3485,1
008 日常（周年后修复）,210,210,210,210,1,5,8,EOT 518,0.172,0.070,3485,6
008 日常（周年后修复）,210,210,210,210,1,5,12,ITI MARS,0.172,0.070,3485,6
008 日常（周年后修复）,210,210,210,210,1,5,16,PEQ-16A,0.143,0.064,3485,5
008 日常（周年后修复）,210,210,210,210,1,5,20,Mk211高爆穿甲弹,0.344,0.099,3485,12
008 日常（周年后修复）,210,210,210,210,1,5,32,APCR高速弹,0.488,0.118,3485,17
008 日常（周年后修复）,210,210,210,210,1,5,40,IOP T4外骨骼,0.201,0.076,3485,7
008 日常（周年后修复）,210,210,210,210,1,5,44,Type3防弹插板,0.287,0.091,3485,10
008 日常（周年后修复）,210,210,210,210,1,5,58,IOP X4外骨骼,0.115,0.057,3485,4
008 日常（周年后修复）,210,210,210,210,1,5,66,AC4消音器,0.344,0.099,3485,12
008 日常（周年后修复）,210,210,210,210,1,5,68,IOP极限弹链箱,0.287,0.091,3485,10
008 日常（周年后修复）,210,210,210,210,1,5,72,ILM空尖弹,0.488,0.118,3485,17
008 日常（周年后修复）,210,210,210,210,1,5,76,#000猎鹿弹,0.344,0.099,3485,12
008 日常（周年后修复）,210,210,210,210,1,5,80,SABOT独头弹,0.316,0.095,3485,11
008 日常（周年后修复）,210,210,210,210,1,5,90,热光学迷彩披风,0.574,0.128,3485,20
008 日常（周年后修复）,210,210,210,210,1,5,224,RMR T4红点,0.545,0.125,3485,19
008 日常（周年后修复）,210,210,210,210,1,5,225,信号弹,0.172,0.070,3485,6
008 日常（周年后修复）,210,210,210,210,1,5,227,M1022狙击弹,0.344,0.099,3485,12
008 日常（周年后修复）,210,210,210,210,1,5,229,Mk1000SLAP,0.230,0.081,3485,8
008 日常（周年后修复）,210,210,210,210,1,5,231,#7.5鸟弹,0.287,0.091,3485,10
008 日常（周年后修复）,210,210,210,210,1,5,234,#2运算芯片,0.201,0.076,3485,7
008 日常（周年后修复）,210,210,210,210,1,5,235,霰弹用闪光弹,0.143,0.064,3485,5
008 日常（周年后修复）,210,210,210,210,1,5,305,SF武器灯改,0.172,0.070,3485,6
008 日常（周年后修复）,210,210,210,210,1,5,308,Mk0多用途喉缩管,0.689,0.140,3485,24
008 日常（周年后修复）,210,210,210,210,1,5,309,专注芯片,0.201,0.076,3485,7
008 日常（周年后修复）,210,210,210,210,1,5,311,M200X LRF,1.320,0.193,3485,46
008 日常（周年后修复）,210,210,210,210,1,5,314,HD100脚架,1.176,0.183,3485,41
008 日常（周年后修复）,300,10,10,200,0,3,312,HD50脚架,60.432,0.336,21209,12817
008 日常（周年后修复）,300,10,10,200,0,4,313,HD50脚架Mk2,32.180,0.321,21209,6825
008 日常（周年后修复）,300,10,10,200,0,5,314,HD100脚架,7.388,0.180,21209,1567
008 日常（周年后修复）,300,10,10,200,1,2,1,BM 3-12X40,3.354,0.171,11060,371
008 日常（周年后修复）,300,10,10,200,1,2,5,EOT 506,3.825,0.182,11060,423
008 日常（周年后修复）,300,10,10,200,1,2,9,AMP COMPM2,3.635,0.178,11060,402
008 日常（周年后修复）,300,10,10,200,1,2,13,PEQ-2,3.354,0.171,11060,371
008 日常（周年后修复）,300,10,10,200,1,2,37,IOP T1外骨骼,2.749,0.155,11060,304
008 日常（周年后修复）,300,10,10,200,1,2,55,IOP X1外骨骼,2.857,0.158,11060,316
008 日常（周年后修复）,300,10,10,200,1,2,63,AC1消音器,4.693,0.201,11060,519
008 日常（周年后修复）,300,10,10,200,1,2,87,破旧披风,5.823,0.223,11060,644
008 日常（周年后修复）,300,10,10,200,1,3,2,LRA 2-12x50,0.145,0.036,11060,16
008 日常（周年后修复）,300,10,10,200,1,3,6,EOT 512,0.136,0.035,11060,15
008 日常（周年后修复）,300,10,10,200,1,3,10,AMP COMPM4,0.099,0.030,11060,11
008 日常（周年后修复）,300,10,10,200,1,3,14,PEQ-5,0.190,0.041,11060,21
008 日常（周年后修复）,300,10,10,200,1,3,38,IOP T2外骨骼,0.118,0.033,11060,13
008 日常（周年后修复）,300,10,10,200,1,3,42,Type1防弹插板,0.235,0.046,11060,26
008 日常（周年后修复）,300,10,10,200,1,3,56,IOP X2外骨骼,0.172,0.039,11060,19
008 日常（周年后修复）,300,10,10,200,1,3,64,AC2消音器,0.271,0.049,11060,30
008 日常（周年后修复）,300,10,10,200,1,3,88,伪装披风,0.398,0.060,11060,44
008 日常（周年后修复）,300,10,10,200,1,3,222,RMR红点,0.633,0.075,11060,70
008 日常（周年后修复）,300,10,10,200,1,3,232,试制运算芯片,0.371,0.058,11060,41
008 日常（周年后修复）,300,10,10,200,1,3,312,HD50脚架,27.532,0.425,11060,3045
008 日常（周年后修复）,300,10,10,200,1,4,3,PSO-1,0.235,0.046,11060,26
008 日常（周年后修复）,300,10,10,200,1,4,7,EOT 516,0.262,0.049,11060,29
008 日常（周年后修复）,300,10,10,200,1,4,11,COG M150,0.226,0.045,11060,25
008 日常（周年后修复）,300,10,10,200,1,4,15,PEQ-15,0.226,0.045,11060,25
008 日常（周年后修复）,300,10,10,200,1,4,39,IOP T3外骨骼,0.181,0.040,11060,20
008 日常（周年后修复）,300,10,10,200,1,4,43,Type2防弹插板,0.262,0.049,11060,29
008 日常（周年后修复）,300,10,10,200,1,4,57,IOP X3外骨骼,0.145,0.036,11060,16
008 日常（周年后修复）,300,10,10,200,1,4,65,AC3消音器,0.335,0.055,11060,37
008 日常（周年后修复）,300,10,10,200,1,4,67,IOP大容量弹链箱,0.425,0.062,11060,47
008 日常（周年后修复）,300,10,10,200,1,4,89,城市迷彩披风,0.389,0.059,11060,43
008 日常（周年后修复）,300,10,10,200,1,4,223,RMR T2红点,0.678,0.078,11060,75
008 日常（周年后修复）,300,10,10,200,1,4,233,#1运算芯片,0.316,0.053,11060,35
008 日常（周年后修复）,300,10,10,200,1,4,313,HD50脚架Mk2,28.128,0.428,11060,3111
008 日常（周年后修复）,300,10,10,200,1,5,4,VFL 6-24X56,0.018,0.013,11060,2
008 日常（周年后修复）,300,10,10,200,1,5,8,EOT 518,0.036,0.018,11060,4
008 日常（周年后修复）,300,10,10,200,1,5,12,ITI MARS,0.054,0.022,11060,6
008 日常（周年后修复）,300,10,10,200,1,5,16,PEQ-16A,0.045,0.020,11060,5
008 日常（周年后修复）,300,10,10,200,1,5,44,Type3防弹插板,0.063,0.024,11060,7
008 日常（周年后修复）,300,10,10,200,1,5,58,IOP X4外骨骼,0.009,0.009,11060,1
008 日常（周年后修复）,300,10,10,200,1,5,66,AC4消音器,0.054,0.022,11060,6
008 日常（周年后修复）,300,10,10,200,1,5,68,IOP极限弹链箱,0.090,0.029,11060,10
008 日常（周年后修复）,300,10,10,200,1,5,90,热光学迷彩披风,0.099,0.030,11060,11
008 日常（周年后修复）,300,10,10,200,1,5,224,RMR T4红点,0.090,0.029,11060,10
008 日常（周年后修复）,300,10,10,200,1,5,234,#2运算芯片,0.090,0.029,11060,10
008 日常（周年后修复）,300,10,10,200,1,5,305,SF武器灯改,0.009,0.009,11060,1
008 日常（周年后修复）,300,10,10,200,1,5,309,专注芯片,0.099,0.030,11060,11
008 日常（周年后修复）,300,10,10,200,1,5,314,HD100脚架,6.844,0.240,11060,757
008 日常（周年后修复）,300,300,300,300,1,2,1,BM 3-12X40,0.801,0.090,9863,79
008 日常（周年后修复）,300,300,300,300,1,2,5,EOT 506,0.720,0.085,9863,71
008 日常（周年后修复）,300,300,300,300,1,2,9,AMP COMPM2,0.852,0.093,9863,84
008 日常（周年后修复）,300,300,300,300,1,2,13,PEQ-2,0.730,0.086,9863,72
008 日常（周年后修复）,300,300,300,300,1,2,17,M61穿甲弹,1.683,0.130,9863,166
008 日常（周年后修复）,300,300,300,300,1,2,29,FMJ高速弹,1.876,0.137,9863,185
008 日常（周年后修复）,300,300,300,300,1,2,37,IOP T1外骨骼,0.446,0.067,9863,44
008 日常（周年后修复）,300,300,300,300,1,2,55,IOP X1外骨骼,0.466,0.069,9863,46
008 日常（周年后修复）,300,300,300,300,1,2,63,AC1消音器,0.983,0.099,9863,97
008 日常（周年后修复）,300,300,300,300,1,2,69,ILM空尖弹,1.531,0.124,9863,151
008 日常（周年后修复）,300,300,300,300,1,2,73,#1猎鹿弹,1.338,0.116,9863,132
008 日常（周年后修复）,300,300,300,300,1,2,77,BK独头弹,1.318,0.115,9863,130
008 日常（周年后修复）,300,300,300,300,1,2,87,破旧披风,1.541,0.124,9863,152
008 日常（周年后修复）,300,300,300,300,1,3,2,LRA 2-12x50,0.477,0.069,9863,47
008 日常（周年后修复）,300,300,300,300,1,3,6,EOT 512,0.517,0.072,9863,51
008 日常（周年后修复）,300,300,300,300,1,3,10,AMP COMPM4,0.548,0.074,9863,54
008 日常（周年后修复）,300,300,300,300,1,3,14,PEQ-5,0.608,0.078,9863,60
008 日常（周年后修复）,300,300,300,300,1,3,18,M993穿甲弹,0.994,0.100,9863,98
008 日常（周年后修复）,300,300,300,300,1,3,30,JSP高速弹,1.318,0.115,9863,130
008 日常（周年后修复）,300,300,300,300,1,3,38,IOP T2外骨骼,0.314,0.056,9863,31
008 日常（周年后修复）,300,300,300,300,1,3,42,Type1防弹插板,0.791,0.089,9863,78
008 日常（周年后修复）,300,300,300,300,1,3,56,IOP X2外骨骼,0.345,0.059,9863,34
008 日常（周年后修复）,300,300,300,300,1,3,64,AC2消音器,0.750,0.087,9863,74
008 日常（周年后修复）,300,300,300,300,1,3,70,ILM空尖弹,1.196,0.109,9863,118
008 日常（周年后修复）,300,300,300,300,1,3,74,#0猎鹿弹,0.730,0.086,9863,72
008 日常（周年后修复）,300,300,300,300,1,3,78,FST独头弹,0.811,0.090,9863,80
008 日常（周年后修复）,300,300,300,300,1,3,88,伪装披风,0.994,0.100,9863,98
008 日常（周年后修复）,300,300,300,300,1,3,222,RMR红点,1.470,0.121,9863,145
008 日常（周年后修复）,300,300,300,300,1,3,232,试制运算芯片,0.842,0.092,9863,83
008 日常（周年后修复）,300,300,300,300,1,3,306,Mk3喉缩管,1.207,0.110,9863,119
008 日常（周年后修复）,300,300,300,300,1,3,312,HD50脚架,1.825,0.135,9863,180
008 日常（周年后修复）,300,300,300,300,1,4,3,PSO-1,1.318,0.115,9863,130
008 日常（周年后修复）,300,300,300,300,1,4,7,EOT 516,1.419,0.119,9863,140
008 日常（周年后修复）,300,300,300,300,1,4,11,COG M150,1.622,0.127,9863,160
008 日常（周年后修复）,300,300,300,300,1,4,15,PEQ-15,1.359,0.117,9863,134
008 日常（周年后修复）,300,300,300,300,1,4,19,Mk169穿甲弹,2.778,0.165,9863,274
008 日常（周年后修复）,300,300,300,300,1,4,31,JHP高速弹,3.478,0.184,9863,343
008 日常（周年后修复）,300,300,300,300,1,4,39,IOP T3外骨骼,0.973,0.099,9863,96
008 日常（周年后修复）,300,300,300,300,1,4,43,Type2防弹插板,1.997,0.141,9863,197
008 日常（周年后修复）,300,300,300,300,1,4,57,IOP X3外骨骼,0.994,0.100,9863,98
008 日常（周年后修复）,300,300,300,300,1,4,65,AC3消音器,1.734,0.131,9863,171
008 日常（周年后修复）,300,300,300,300,1,4,67,IOP大容量弹链箱,1.592,0.126,9863,157
008 日常（周年后修复）,300,300,300,300,1,4,71,ILM空尖弹,2.616,0.161,9863,258
008 日常（周年后修复）,300,300,300,300,1,4,75,#00猎鹿弹,2.342,0.152,9863,231
008 日常（周年后修复）,300,300,300,300,1,4,79,WAD独头弹,2.241,0.149,9863,221
008 日常（周年后修复）,300,300,300,300,1,4,89,城市迷彩披风,2.474,0.156,9863,244
008 日常（周年后修复）,300,300,300,300,1,4,223,RMR T2红点,3.032,0.173,9863,299
008 日常（周年后修复）,300,300,300,300,1,4,226,M33狙击弹,2.514,0.158,9863,248
008 日常（周年后修复）,300,300,300,300,1,4,228,Mk900SLAP,1.855,0.136,9863,183
008 日常（周年后修复）,300,300,300,300,1,4,230,#6鸟弹,2.291,0.151,9863,226
008 日常（周年后修复）,300,300,300,300,1,4,233,#1运算芯片,2.241,0.149,9863,221
008 日常（周年后修复）,300,300,300,300,1,4,307,Mk4喉缩管,3.315,0.180,9863,327
008 日常（周年后修复）,300,300,300,300,1,4,310,M1050 LRF,7.158,0.260,9863,706
008 日常（周年后修复）,300,300,300,300,1,4,313,HD50脚架Mk2,4.988,0.219,9863,492
008 日常（周年后修复）,300,300,300,300,1,5,4,VFL 6-24X56,0.274,0.053,9863,27
008 日常（周年后修复）,300,300,300,300,1,5,8,EOT 518,0.324,0.057,9863,32
008 日常（周年后修复）,300,300,300,300,1,5,12,ITI MARS,0.203,0.045,9863,20
008 日常（周年后修复）,300,300,300,300,1,5,16,PEQ-16A,0.304,0.055,9863,30
008 日常（周年后修复）,300,300,300,300,1,5,20,Mk211高爆穿甲弹,0.578,0.076,9863,57
008 日常（周年后修复）,300,300,300,300,1,5,32,APCR高速弹,0.710,0.085,9863,70
008 日常（周年后修复）,300,300,300,300,1,5,40,IOP T4外骨骼,0.132,0.037,9863,13
008 日常（周年后修复）,300,300,300,300,1,5,44,Type3防弹插板,0.446,0.067,9863,44
008 日常（周年后修复）,300,300,300,300,1,5,58,IOP X4外骨骼,0.162,0.041,9863,16
008 日常（周年后修复）,300,300,300,300,1,5,66,AC4消音器,0.679,0.083,9863,67
008 日常（周年后修复）,300,300,300,300,1,5,68,IOP极限弹链箱,0.294,0.055,9863,29
008 日常（周年后修复）,300,300,300,300,1,5,72,ILM空尖弹,0.588,0.077,9863,58
008 日常（周年后修复）,300,300,300,300,1,5,76,#000猎鹿弹,0.446,0.067,9863,44
008 日常（周年后修复）,300,300,300,300,1,5,80,SABOT独头弹,0.426,0.066,9863,42
008 日常（周年后修复）,300,300,300,300,1,5,90,热光学迷彩披风,0.649,0.081,9863,64
008 日常（周年后修复）,300,300,300,300,1,5,224,RMR T4红点,0.639,0.080,9863,63
008 日常（周年后修复）,300,300,300,300,1,5,225,信号弹,0.213,0.046,9863,21
008 日常（周年后修复）,300,300,300,300,1,5,227,M1022狙击弹,0.477,0.069,9863,47
008 日常（周年后修复）,300,300,300,300,1,5,229,Mk1000SLAP,0.426,0.066,9863,42
008 日常（周年后修复）,300,300,300,300,1,5,231,#7.5鸟弹,0.395,0.063,9863,39
008 日常（周年后修复）,300,300,300,300,1,5,234,#2运算芯片,0.608,0.078,9863,60
008 日常（周年后修复）,300,300,300,300,1,5,235,霰弹用闪光弹,0.203,0.045,9863,20
008 日常（周年后修复）,300,300,300,300,1,5,305,SF武器灯改,0.152,0.039,9863,15
008 日常（周年后修复）,300,300,300,300,1,5,308,Mk0多用途喉缩管,0.730,0.086,9863,72
008 日常（周年后修复）,300,300,300,300,1,5,309,专注芯片,0.639,0.080,9863,63
008 日常（周年后修复）,300,300,300,300,1,5,311,M200X LRF,1.511,0.123,9863,149
008 日常（周年后修复）,300,300,300,300,1,5,314,HD100脚架,1.440,0.120,9863,142
