event,mp,ammo,mre,part,item_num,rank,equip_id,name,mean%,stdev%,equip_total,equip_count
009 日常（周年后修复）,10,10,10,10,1,2,1,BM 3-12X40,7.305,0.042,390295,28510
009 日常（周年后修复）,10,10,10,10,1,2,5,EOT 506,7.299,0.042,390295,28486
009 日常（周年后修复）,10,10,10,10,1,2,9,AMP COMPM2,7.272,0.042,390295,28381
009 日常（周年后修复）,10,10,10,10,1,2,13,PEQ-2,6.249,0.039,390295,24391
009 日常（周年后修复）,10,10,10,10,1,2,17,M61穿甲弹,0.002,0.001,390295,6
009 日常（周年后修复）,10,10,10,10,1,2,29,FMJ高速弹,0.004,0.001,390295,14
009 日常（周年后修复）,10,10,10,10,1,2,37,IOP T1外骨骼,2.154,0.023,390295,8408
009 日常（周年后修复）,10,10,10,10,1,2,55,IOP X1外骨骼,2.156,0.023,390295,8413
009 日常（周年后修复）,10,10,10,10,1,2,63,AC1消音器,5.593,0.037,390295,21830
009 日常（周年后修复）,10,10,10,10,1,2,69,ILM空尖弹,0.003,0.001,390295,13
009 日常（周年后修复）,10,10,10,10,1,2,73,#1猎鹿弹,0.000,0.000,390295,1
009 日常（周年后修复）,10,10,10,10,1,2,87,破旧披风,6.593,0.040,390295,25732
009 日常（周年后修复）,10,10,10,10,1,3,2,LRA 2-12x50,5.299,0.036,390295,20682
009 日常（周年后修复）,10,10,10,10,1,3,6,EOT 512,5.219,0.036,390295,20370
009 日常（周年后修复）,10,10,10,10,1,3,10,AMP COMPM4,5.309,0.036,390295,20720
009 日常（周年后修复）,10,10,10,10,1,3,14,PEQ-5,4.518,0.033,390295,17632
009 日常（周年后修复）,10,10,10,10,1,3,18,M993穿甲弹,0.001,0.000,390295,2
009 日常（周年后修复）,10,10,10,10,1,3,30,JSP高速弹,0.003,0.001,390295,11
009 日常（周年后修复）,10,10,10,10,1,3,38,IOP T2外骨骼,1.542,0.020,390295,6017
009 日常（周年后修复）,10,10,10,10,1,3,42,Type1防弹插板,3.416,0.029,390295,13332
009 日常（周年后修复）,10,10,10,10,1,3,56,IOP X2外骨骼,1.495,0.019,390295,5836
009 日常（周年后修复）,10,10,10,10,1,3,64,AC2消音器,3.986,0.031,390295,15556
009 日常（周年后修复）,10,10,10,10,1,3,70,ILM空尖弹,0.002,0.001,390295,7
009 日常（周年后修复）,10,10,10,10,1,3,74,#0猎鹿弹,0.001,0.000,390295,2
009 日常（周年后修复）,10,10,10,10,1,3,78,FST独头弹,0.001,0.001,390295,4
009 日常（周年后修复）,10,10,10,10,1,3,88,伪装披风,4.698,0.034,390295,18336
009 日常（周年后修复）,10,10,10,10,1,3,222,RMR红点,5.705,0.037,390295,22268
009 日常（周年后修复）,10,10,10,10,1,3,232,试制运算芯片,4.073,0.032,390295,15896
009 日常（周年后修复）,10,10,10,10,1,3,306,Mk3喉缩管,0.002,0.001,390295,7
009 日常（周年后修复）,10,10,10,10,1,3,312,HD50脚架,0.001,0.000,390295,3
009 日常（周年后修复）,10,10,10,10,1,4,3,PSO-1,0.955,0.016,390295,3729
009 日常（周年后修复）,10,10,10,10,1,4,7,EOT 516,0.952,0.016,390295,3716
009 日常（周年后修复）,10,10,10,10,1,4,11,COG M150,0.964,0.016,390295,3762
009 日常（周年后修复）,10,10,10,10,1,4,15,PEQ-15,0.792,0.014,390295,3093
009 日常（周年后修复）,10,10,10,10,1,4,31,JHP高速弹,0.001,0.000,390295,2
009 日常（周年后修复）,10,10,10,10,1,4,39,IOP T3外骨骼,0.272,0.008,390295,1060
009 日常（周年后修复）,10,10,10,10,1,4,43,Type2防弹插板,0.634,0.013,390295,2475
009 日常（周年后修复）,10,10,10,10,1,4,57,IOP X3外骨骼,0.276,0.008,390295,1079
009 日常（周年后修复）,10,10,10,10,1,4,65,AC3消音器,0.729,0.014,390295,2845
009 日常（周年后修复）,10,10,10,10,1,4,71,ILM空尖弹,0.000,0.000,390295,1
009 日常（周年后修复）,10,10,10,10,1,4,75,#00猎鹿弹,0.000,0.000,390295,1
009 日常（周年后修复）,10,10,10,10,1,4,89,城市迷彩披风,0.854,0.015,390295,3334
009 日常（周年后修复）,10,10,10,10,1,4,223,RMR T2红点,1.013,0.016,390295,3955
009 日常（周年后修复）,10,10,10,10,1,4,226,M33狙击弹,0.000,0.000,390295,1
009 日常（周年后修复）,10,10,10,10,1,4,233,#1运算芯片,0.715,0.013,390295,2791
009 日常（周年后修复）,10,10,10,10,1,5,4,VFL 6-24X56,0.164,0.006,390295,640
009 日常（周年后修复）,10,10,10,10,1,5,8,EOT 518,0.181,0.007,390295,707
009 日常（周年后修复）,10,10,10,10,1,5,12,ITI MARS,0.168,0.007,390295,656
009 日常（周年后修复）,10,10,10,10,1,5,16,PEQ-16A,0.131,0.006,390295,511
009 日常（周年后修复）,10,10,10,10,1,5,20,Mk211高爆穿甲弹,0.000,0.000,390295,1
009 日常（周年后修复）,10,10,10,10,1,5,40,IOP T4外骨骼,0.052,0.004,390295,204
009 日常（周年后修复）,10,10,10,10,1,5,44,Type3防弹插板,0.112,0.005,390295,439
009 日常（周年后修复）,10,10,10,10,1,5,58,IOP X4外骨骼,0.049,0.004,390295,193
009 日常（周年后修复）,10,10,10,10,1,5,66,AC4消音器,0.237,0.008,390295,925
009 日常（周年后修复）,10,10,10,10,1,5,68,IOP极限弹链箱,0.000,0.000,390295,1
009 日常（周年后修复）,10,10,10,10,1,5,90,热光学迷彩披风,0.190,0.007,390295,741
009 日常（周年后修复）,10,10,10,10,1,5,224,RMR T4红点,0.205,0.007,390295,799
009 日常（周年后修复）,10,10,10,10,1,5,234,#2运算芯片,0.152,0.006,390295,592
009 日常（周年后修复）,10,10,10,10,1,5,305,SF武器灯改,0.141,0.006,390295,549
009 日常（周年后修复）,10,10,10,10,1,5,309,专注芯片,0.160,0.006,390295,625
009 日常（周年后修复）,10,10,10,10,1,5,311,M200X LRF,0.000,0.000,390295,1
009 日常（周年后修复）,10,10,10,10,1,5,314,HD100脚架,0.000,0.000,390295,1
009 日常（周年后修复）,10,10,10,300,1,2,1,BM 3-12X40,3.537,0.308,3591,127
009 日常（周年后修复）,10,10,10,300,1,2,5,EOT 506,3.370,0.301,3591,121
009 日常（周年后修复）,10,10,10,300,1,2,9,AMP COMPM2,3.509,0.307,3591,126
009 日常（周年后修复）,10,10,10,300,1,2,13,PEQ-2,4.400,0.342,3591,158
009 日常（周年后修复）,10,10,10,300,1,2,37,IOP T1外骨骼,2.701,0.270,3591,97
009 日常（周年后修复）,10,10,10,300,1,2,55,IOP X1外骨骼,2.506,0.261,3591,90
009 日常（周年后修复）,10,10,10,300,1,2,63,AC1消音器,4.845,0.358,3591,174
009 日常（周年后修复）,10,10,10,300,1,2,87,破旧披风,5.737,0.388,3591,206
009 日常（周年后修复）,10,10,10,300,1,3,2,LRA 2-12x50,1.949,0.231,3591,70
009 日常（周年后修复）,10,10,10,300,1,3,6,EOT 512,2.144,0.242,3591,77
009 日常（周年后修复）,10,10,10,300,1,3,10,AMP COMPM4,2.228,0.246,3591,80
009 日常（周年后修复）,10,10,10,300,1,3,14,PEQ-5,1.810,0.222,3591,65
009 日常（周年后修复）,10,10,10,300,1,3,38,IOP T2外骨骼,1.699,0.216,3591,61
009 日常（周年后修复）,10,10,10,300,1,3,42,Type1防弹插板,3.759,0.317,3591,135
009 日常（周年后修复）,10,10,10,300,1,3,56,IOP X2外骨骼,1.225,0.184,3591,44
009 日常（周年后修复）,10,10,10,300,1,3,64,AC2消音器,2.618,0.266,3591,94
009 日常（周年后修复）,10,10,10,300,1,3,88,伪装披风,2.924,0.281,3591,105
009 日常（周年后修复）,10,10,10,300,1,3,222,RMR红点,5.319,0.374,3591,191
009 日常（周年后修复）,10,10,10,300,1,3,232,试制运算芯片,2.980,0.284,3591,107
009 日常（周年后修复）,10,10,10,300,1,4,3,PSO-1,2.200,0.245,3591,79
009 日常（周年后修复）,10,10,10,300,1,4,7,EOT 516,1.810,0.222,3591,65
009 日常（周年后修复）,10,10,10,300,1,4,11,COG M150,1.727,0.217,3591,62
009 日常（周年后修复）,10,10,10,300,1,4,15,PEQ-15,1.810,0.222,3591,65
009 日常（周年后修复）,10,10,10,300,1,4,39,IOP T3外骨骼,1.671,0.214,3591,60
009 日常（周年后修复）,10,10,10,300,1,4,43,Type2防弹插板,3.119,0.290,3591,112
009 日常（周年后修复）,10,10,10,300,1,4,57,IOP X3外骨骼,1.559,0.207,3591,56
009 日常（周年后修复）,10,10,10,300,1,4,65,AC3消音器,2.283,0.249,3591,82
009 日常（周年后修复）,10,10,10,300,1,4,67,IOP大容量弹链箱,5.235,0.372,3591,188
009 日常（周年后修复）,10,10,10,300,1,4,75,#00猎鹿弹,0.028,0.028,3591,1
009 日常（周年后修复）,10,10,10,300,1,4,79,WAD独头弹,0.028,0.028,3591,1
009 日常（周年后修复）,10,10,10,300,1,4,89,城市迷彩披风,3.202,0.294,3591,115
009 日常（周年后修复）,10,10,10,300,1,4,223,RMR T2红点,5.207,0.371,3591,187
009 日常（周年后修复）,10,10,10,300,1,4,233,#1运算芯片,2.646,0.268,3591,95
009 日常（周年后修复）,10,10,10,300,1,5,4,VFL 6-24X56,0.223,0.079,3591,8
009 日常（周年后修复）,10,10,10,300,1,5,8,EOT 518,0.473,0.115,3591,17
009 日常（周年后修复）,10,10,10,300,1,5,12,ITI MARS,0.418,0.108,3591,15
009 日常（周年后修复）,10,10,10,300,1,5,16,PEQ-16A,0.446,0.111,3591,16
009 日常（周年后修复）,10,10,10,300,1,5,40,IOP T4外骨骼,0.390,0.104,3591,14
009 日常（周年后修复）,10,10,10,300,1,5,44,Type3防弹插板,0.863,0.154,3591,31
009 日常（周年后修复）,10,10,10,300,1,5,58,IOP X4外骨骼,0.390,0.104,3591,14
009 日常（周年后修复）,10,10,10,300,1,5,66,AC4消音器,0.947,0.162,3591,34
009 日常（周年后修复）,10,10,10,300,1,5,68,IOP极限弹链箱,0.780,0.147,3591,28
009 日常（周年后修复）,10,10,10,300,1,5,90,热光学迷彩披风,0.640,0.133,3591,23
009 日常（周年后修复）,10,10,10,300,1,5,224,RMR T4红点,0.919,0.159,3591,33
009 日常（周年后修复）,10,10,10,300,1,5,234,#2运算芯片,0.668,0.136,3591,24
009 日常（周年后修复）,10,10,10,300,1,5,305,SF武器灯改,0.473,0.115,3591,17
009 日常（周年后修复）,10,10,10,300,1,5,309,专注芯片,0.557,0.124,3591,20
009 日常（周年后修复）,10,10,10,300,1,5,314,HD100脚架,0.028,0.028,3591,1
009 日常（周年后修复）,10,150,90,100,0,2,17,M61穿甲弹,36.410,0.236,41678,15175
009 日常（周年后修复）,10,150,90,100,0,3,18,M993穿甲弹,36.225,0.235,41678,15098
009 日常（周年后修复）,10,150,90,100,0,4,19,Mk169穿甲弹,11.109,0.154,41678,4630
009 日常（周年后修复）,10,150,90,100,0,4,226,M33狙击弹,10.857,0.152,41678,4525
009 日常（周年后修复）,10,150,90,100,0,5,20,Mk211高爆穿甲弹,2.639,0.079,41678,1100
009 日常（周年后修复）,10,150,90,100,0,5,227,M1022狙击弹,2.759,0.080,41678,1150
009 日常（周年后修复）,10,150,90,100,1,2,1,BM 3-12X40,0.305,0.031,32159,98
009 日常（周年后修复）,10,150,90,100,1,2,5,EOT 506,0.280,0.029,32159,90
009 日常（周年后修复）,10,150,90,100,1,2,9,AMP COMPM2,0.345,0.033,32159,111
009 日常（周年后修复）,10,150,90,100,1,2,13,PEQ-2,0.373,0.034,32159,120
009 日常（周年后修复）,10,150,90,100,1,2,17,M61穿甲弹,28.527,0.252,32159,9174
009 日常（周年后修复）,10,150,90,100,1,2,29,FMJ高速弹,1.633,0.071,32159,525
009 日常（周年后修复）,10,150,90,100,1,2,37,IOP T1外骨骼,0.420,0.036,32159,135
009 日常（周年后修复）,10,150,90,100,1,2,55,IOP X1外骨骼,0.389,0.035,32159,125
009 日常（周年后修复）,10,150,90,100,1,2,63,AC1消音器,0.435,0.037,32159,140
009 日常（周年后修复）,10,150,90,100,1,2,69,ILM空尖弹,0.563,0.042,32159,181
009 日常（周年后修复）,10,150,90,100,1,2,73,#1猎鹿弹,1.110,0.058,32159,357
009 日常（周年后修复）,10,150,90,100,1,2,77,BK独头弹,1.079,0.058,32159,347
009 日常（周年后修复）,10,150,90,100,1,2,87,破旧披风,0.379,0.034,32159,122
009 日常（周年后修复）,10,150,90,100,1,3,2,LRA 2-12x50,0.274,0.029,32159,88
009 日常（周年后修复）,10,150,90,100,1,3,6,EOT 512,0.311,0.031,32159,100
009 日常（周年后修复）,10,150,90,100,1,3,10,AMP COMPM4,0.323,0.032,32159,104
009 日常（周年后修复）,10,150,90,100,1,3,14,PEQ-5,0.364,0.034,32159,117
009 日常（周年后修复）,10,150,90,100,1,3,18,M993穿甲弹,26.755,0.247,32159,8604
009 日常（周年后修复）,10,150,90,100,1,3,30,JSP高速弹,1.636,0.071,32159,526
009 日常（周年后修复）,10,150,90,100,1,3,38,IOP T2外骨骼,0.358,0.033,32159,115
009 日常（周年后修复）,10,150,90,100,1,3,42,Type1防弹插板,1.191,0.060,32159,383
009 日常（周年后修复）,10,150,90,100,1,3,56,IOP X2外骨骼,0.283,0.030,32159,91
009 日常（周年后修复）,10,150,90,100,1,3,64,AC2消音器,0.476,0.038,32159,153
009 日常（周年后修复）,10,150,90,100,1,3,70,ILM空尖弹,0.519,0.040,32159,167
009 日常（周年后修复）,10,150,90,100,1,3,74,#0猎鹿弹,1.207,0.061,32159,388
009 日常（周年后修复）,10,150,90,100,1,3,78,FST独头弹,1.191,0.060,32159,383
009 日常（周年后修复）,10,150,90,100,1,3,88,伪装披风,0.373,0.034,32159,120
009 日常（周年后修复）,10,150,90,100,1,3,222,RMR红点,0.864,0.052,32159,278
009 日常（周年后修复）,10,150,90,100,1,3,232,试制运算芯片,0.672,0.046,32159,216
009 日常（周年后修复）,10,150,90,100,1,4,3,PSO-1,0.084,0.016,32159,27
009 日常（周年后修复）,10,150,90,100,1,4,7,EOT 516,0.096,0.017,32159,31
009 日常（周年后修复）,10,150,90,100,1,4,11,COG M150,0.103,0.018,32159,33
009 日常（周年后修复）,10,150,90,100,1,4,15,PEQ-15,0.084,0.016,32159,27
009 日常（周年后修复）,10,150,90,100,1,4,19,Mk169穿甲弹,9.161,0.161,32159,2946
009 日常（周年后修复）,10,150,90,100,1,4,31,JHP高速弹,0.597,0.043,32159,192
009 日常（周年后修复）,10,150,90,100,1,4,39,IOP T3外骨骼,0.127,0.020,32159,41
009 日常（周年后修复）,10,150,90,100,1,4,43,Type2防弹插板,0.395,0.035,32159,127
009 日常（周年后修复）,10,150,90,100,1,4,57,IOP X3外骨骼,0.090,0.017,32159,29
009 日常（周年后修复）,10,150,90,100,1,4,65,AC3消音器,0.090,0.017,32159,29
009 日常（周年后修复）,10,150,90,100,1,4,71,ILM空尖弹,0.183,0.024,32159,59
009 日常（周年后修复）,10,150,90,100,1,4,75,#00猎鹿弹,0.420,0.036,32159,135
009 日常（周年后修复）,10,150,90,100,1,4,79,WAD独头弹,0.382,0.034,32159,123
009 日常（周年后修复）,10,150,90,100,1,4,89,城市迷彩披风,0.131,0.020,32159,42
009 日常（周年后修复）,10,150,90,100,1,4,223,RMR T2红点,0.258,0.028,32159,83
009 日常（周年后修复）,10,150,90,100,1,4,226,M33狙击弹,9.117,0.161,32159,2932
009 日常（周年后修复）,10,150,90,100,1,4,228,Mk900SLAP,0.180,0.024,32159,58
009 日常（周年后修复）,10,150,90,100,1,4,230,#6鸟弹,0.392,0.035,32159,126
009 日常（周年后修复）,10,150,90,100,1,4,233,#1运算芯片,0.193,0.024,32159,62
009 日常（周年后修复）,10,150,90,100,1,5,4,VFL 6-24X56,0.025,0.009,32159,8
009 日常（周年后修复）,10,150,90,100,1,5,8,EOT 518,0.012,0.006,32159,4
009 日常（周年后修复）,10,150,90,100,1,5,12,ITI MARS,0.022,0.008,32159,7
009 日常（周年后修复）,10,150,90,100,1,5,16,PEQ-16A,0.012,0.006,32159,4
009 日常（周年后修复）,10,150,90,100,1,5,20,Mk211高爆穿甲弹,2.130,0.081,32159,685
009 日常（周年后修复）,10,150,90,100,1,5,32,APCR高速弹,0.137,0.021,32159,44
009 日常（周年后修复）,10,150,90,100,1,5,40,IOP T4外骨骼,0.028,0.009,32159,9
009 日常（周年后修复）,10,150,90,100,1,5,44,Type3防弹插板,0.072,0.015,32159,23
009 日常（周年后修复）,10,150,90,100,1,5,58,IOP X4外骨骼,0.022,0.008,32159,7
009 日常（周年后修复）,10,150,90,100,1,5,66,AC4消音器,0.065,0.014,32159,21
009 日常（周年后修复）,10,150,90,100,1,5,72,ILM空尖弹,0.059,0.014,32159,19
009 日常（周年后修复）,10,150,90,100,1,5,76,#000猎鹿弹,0.115,0.019,32159,37
009 日常（周年后修复）,10,150,90,100,1,5,80,SABOT独头弹,0.103,0.018,32159,33
009 日常（周年后修复）,10,150,90,100,1,5,90,热光学迷彩披风,0.025,0.009,32159,8
009 日常（周年后修复）,10,150,90,100,1,5,224,RMR T4红点,0.053,0.013,32159,17
009 日常（周年后修复）,10,150,90,100,1,5,225,信号弹,0.044,0.012,32159,14
009 日常（周年后修复）,10,150,90,100,1,5,227,M1022狙击弹,2.099,0.080,32159,675
009 日常（周年后修复）,10,150,90,100,1,5,229,Mk1000SLAP,0.031,0.010,32159,10
009 日常（周年后修复）,10,150,90,100,1,5,231,#7.5鸟弹,0.075,0.015,32159,24
009 日常（周年后修复）,10,150,90,100,1,5,234,#2运算芯片,0.040,0.011,32159,13
009 日常（周年后修复）,10,150,90,100,1,5,235,霰弹用闪光弹,0.050,0.012,32159,16
009 日常（周年后修复）,10,150,90,100,1,5,305,SF武器灯改,0.025,0.009,32159,8
009 日常（周年后修复）,10,150,90,100,1,5,309,专注芯片,0.040,0.011,32159,13
009 日常（周年后修复）,10,230,120,80,0,2,29,FMJ高速弹,36.117,0.263,33264,12014
009 日常（周年后修复）,10,230,120,80,0,3,30,JSP高速弹,35.735,0.263,33264,11887
009 日常（周年后修复）,10,230,120,80,0,4,31,JHP高速弹,23.064,0.231,33264,7672
009 日常（周年后修复）,10,230,120,80,0,5,32,APCR高速弹,5.084,0.120,33264,1691
009 日常（周年后修复）,10,230,120,80,1,2,1,BM 3-12X40,0.350,0.031,35461,124
009 日常（周年后修复）,10,230,120,80,1,2,5,EOT 506,0.302,0.029,35461,107
009 日常（周年后修复）,10,230,120,80,1,2,9,AMP COMPM2,0.288,0.028,35461,102
009 日常（周年后修复）,10,230,120,80,1,2,13,PEQ-2,0.398,0.033,35461,141
009 日常（周年后修复）,10,230,120,80,1,2,17,M61穿甲弹,1.630,0.067,35461,578
009 日常（周年后修复）,10,230,120,80,1,2,29,FMJ高速弹,29.514,0.242,35461,10466
009 日常（周年后修复）,10,230,120,80,1,2,37,IOP T1外骨骼,0.228,0.025,35461,81
009 日常（周年后修复）,10,230,120,80,1,2,55,IOP X1外骨骼,0.231,0.026,35461,82
009 日常（周年后修复）,10,230,120,80,1,2,63,AC1消音器,0.347,0.031,35461,123
009 日常（周年后修复）,10,230,120,80,1,2,69,ILM空尖弹,0.668,0.043,35461,237
009 日常（周年后修复）,10,230,120,80,1,2,73,#1猎鹿弹,0.699,0.044,35461,248
009 日常（周年后修复）,10,230,120,80,1,2,77,BK独头弹,0.685,0.044,35461,243
009 日常（周年后修复）,10,230,120,80,1,2,87,破旧披风,0.457,0.036,35461,162
009 日常（周年后修复）,10,230,120,80,1,3,2,LRA 2-12x50,0.321,0.030,35461,114
009 日常（周年后修复）,10,230,120,80,1,3,6,EOT 512,0.226,0.025,35461,80
009 日常（周年后修复）,10,230,120,80,1,3,10,AMP COMPM4,0.265,0.027,35461,94
009 日常（周年后修复）,10,230,120,80,1,3,14,PEQ-5,0.324,0.030,35461,115
009 日常（周年后修复）,10,230,120,80,1,3,18,M993穿甲弹,1.492,0.064,35461,529
009 日常（周年后修复）,10,230,120,80,1,3,30,JSP高速弹,28.127,0.239,35461,9974
009 日常（周年后修复）,10,230,120,80,1,3,38,IOP T2外骨骼,0.240,0.026,35461,85
009 日常（周年后修复）,10,230,120,80,1,3,42,Type1防弹插板,0.618,0.042,35461,219
009 日常（周年后修复）,10,230,120,80,1,3,56,IOP X2外骨骼,0.223,0.025,35461,79
009 日常（周年后修复）,10,230,120,80,1,3,64,AC2消音器,0.344,0.031,35461,122
009 日常（周年后修复）,10,230,120,80,1,3,70,ILM空尖弹,0.603,0.041,35461,214
009 日常（周年后修复）,10,230,120,80,1,3,74,#0猎鹿弹,0.640,0.042,35461,227
009 日常（周年后修复）,10,230,120,80,1,3,78,FST独头弹,0.539,0.039,35461,191
009 日常（周年后修复）,10,230,120,80,1,3,88,伪装披风,0.431,0.035,35461,153
009 日常（周年后修复）,10,230,120,80,1,3,222,RMR红点,0.697,0.044,35461,247
009 日常（周年后修复）,10,230,120,80,1,3,232,试制运算芯片,0.508,0.038,35461,180
009 日常（周年后修复）,10,230,120,80,1,3,306,Mk3喉缩管,0.008,0.005,35461,3
009 日常（周年后修复）,10,230,120,80,1,3,312,HD50脚架,0.003,0.003,35461,1
009 日常（周年后修复）,10,230,120,80,1,4,3,PSO-1,0.180,0.023,35461,64
009 日常（周年后修复）,10,230,120,80,1,4,7,EOT 516,0.133,0.019,35461,47
009 日常（周年后修复）,10,230,120,80,1,4,11,COG M150,0.164,0.021,35461,58
009 日常（周年后修复）,10,230,120,80,1,4,15,PEQ-15,0.186,0.023,35461,66
009 日常（周年后修复）,10,230,120,80,1,4,19,Mk169穿甲弹,0.854,0.049,35461,303
009 日常（周年后修复）,10,230,120,80,1,4,31,JHP高速弹,16.607,0.198,35461,5889
009 日常（周年后修复）,10,230,120,80,1,4,39,IOP T3外骨骼,0.147,0.020,35461,52
009 日常（周年后修复）,10,230,120,80,1,4,43,Type2防弹插板,0.389,0.033,35461,138
009 日常（周年后修复）,10,230,120,80,1,4,57,IOP X3外骨骼,0.149,0.021,35461,53
009 日常（周年后修复）,10,230,120,80,1,4,65,AC3消音器,0.203,0.024,35461,72
009 日常（周年后修复）,10,230,120,80,1,4,71,ILM空尖弹,0.350,0.031,35461,124
009 日常（周年后修复）,10,230,120,80,1,4,75,#00猎鹿弹,0.330,0.030,35461,117
009 日常（周年后修复）,10,230,120,80,1,4,79,WAD独头弹,0.398,0.033,35461,141
009 日常（周年后修复）,10,230,120,80,1,4,89,城市迷彩披风,0.296,0.029,35461,105
009 日常（周年后修复）,10,230,120,80,1,4,223,RMR T2红点,0.499,0.037,35461,177
009 日常（周年后修复）,10,230,120,80,1,4,226,M33狙击弹,0.928,0.051,35461,329
009 日常（周年后修复）,10,230,120,80,1,4,228,Mk900SLAP,0.271,0.028,35461,96
009 日常（周年后修复）,10,230,120,80,1,4,230,#6鸟弹,0.375,0.032,35461,133
009 日常（周年后修复）,10,230,120,80,1,4,233,#1运算芯片,0.276,0.028,35461,98
009 日常（周年后修复）,10,230,120,80,1,4,310,M1050 LRF,0.499,0.037,35461,177
009 日常（周年后修复）,10,230,120,80,1,5,4,VFL 6-24X56,0.045,0.011,35461,16
009 日常（周年后修复）,10,230,120,80,1,5,8,EOT 518,0.025,0.008,35461,9
009 日常（周年后修复）,10,230,120,80,1,5,12,ITI MARS,0.054,0.012,35461,19
009 日常（周年后修复）,10,230,120,80,1,5,16,PEQ-16A,0.023,0.008,35461,8
009 日常（周年后修复）,10,230,120,80,1,5,20,Mk211高爆穿甲弹,0.195,0.023,35461,69
009 日常（周年后修复）,10,230,120,80,1,5,32,APCR高速弹,3.742,0.101,35461,1327
009 日常（周年后修复）,10,230,120,80,1,5,40,IOP T4外骨骼,0.039,0.011,35461,14
009 日常（周年后修复）,10,230,120,80,1,5,44,Type3防弹插板,0.099,0.017,35461,35
009 日常（周年后修复）,10,230,120,80,1,5,58,IOP X4外骨骼,0.039,0.011,35461,14
009 日常（周年后修复）,10,230,120,80,1,5,66,AC4消音器,0.085,0.015,35461,30
009 日常（周年后修复）,10,230,120,80,1,5,72,ILM空尖弹,0.082,0.015,35461,29
009 日常（周年后修复）,10,230,120,80,1,5,76,#000猎鹿弹,0.054,0.012,35461,19
009 日常（周年后修复）,10,230,120,80,1,5,80,SABOT独头弹,0.070,0.014,35461,25
009 日常（周年后修复）,10,230,120,80,1,5,90,热光学迷彩披风,0.045,0.011,35461,16
009 日常（周年后修复）,10,230,120,80,1,5,224,RMR T4红点,0.090,0.016,35461,32
009 日常（周年后修复）,10,230,120,80,1,5,225,信号弹,0.028,0.009,35461,10
009 日常（周年后修复）,10,230,120,80,1,5,227,M1022狙击弹,0.158,0.021,35461,56
009 日常（周年后修复）,10,230,120,80,1,5,229,Mk1000SLAP,0.065,0.014,35461,23
009 日常（周年后修复）,10,230,120,80,1,5,231,#7.5鸟弹,0.085,0.015,35461,30
009 日常（周年后修复）,10,230,120,80,1,5,234,#2运算芯片,0.062,0.013,35461,22
009 日常（周年后修复）,10,230,120,80,1,5,235,霰弹用闪光弹,0.056,0.013,35461,20
009 日常（周年后修复）,10,230,120,80,1,5,305,SF武器灯改,0.028,0.009,35461,10
009 日常（周年后修复）,10,230,120,80,1,5,309,专注芯片,0.068,0.014,35461,24
009 日常（周年后修复）,10,230,120,80,1,5,311,M200X LRF,0.124,0.019,35461,44
009 日常（周年后修复）,10,300,10,10,0,4,228,Mk900SLAP,91.071,0.166,29635,26989
009 日常（周年后修复）,10,300,10,10,0,5,229,Mk1000SLAP,8.929,0.166,29635,2646
009 日常（周年后修复）,10,300,10,10,1,2,1,BM 3-12X40,2.635,0.112,20338,536
009 日常（周年后修复）,10,300,10,10,1,2,5,EOT 506,2.576,0.111,20338,524
009 日常（周年后修复）,10,300,10,10,1,2,9,AMP COMPM2,2.331,0.106,20338,474
009 日常（周年后修复）,10,300,10,10,1,2,13,PEQ-2,2.247,0.104,20338,457
009 日常（周年后修复）,10,300,10,10,1,2,17,M61穿甲弹,4.302,0.142,20338,875
009 日常（周年后修复）,10,300,10,10,1,2,29,FMJ高速弹,6.156,0.169,20338,1252
009 日常（周年后修复）,10,300,10,10,1,2,37,IOP T1外骨骼,1.298,0.079,20338,264
009 日常（周年后修复）,10,300,10,10,1,2,55,IOP X1外骨骼,1.195,0.076,20338,243
009 日常（周年后修复）,10,300,10,10,1,2,63,AC1消音器,2.758,0.115,20338,561
009 日常（周年后修复）,10,300,10,10,1,2,69,ILM空尖弹,4.922,0.152,20338,1001
009 日常（周年后修复）,10,300,10,10,1,2,73,#1猎鹿弹,3.117,0.122,20338,634
009 日常（周年后修复）,10,300,10,10,1,2,77,BK独头弹,3.014,0.120,20338,613
009 日常（周年后修复）,10,300,10,10,1,2,87,破旧披风,3.191,0.123,20338,649
009 日常（周年后修复）,10,300,10,10,1,3,2,LRA 2-12x50,1.947,0.097,20338,396
009 日常（周年后修复）,10,300,10,10,1,3,6,EOT 512,1.923,0.096,20338,391
009 日常（周年后修复）,10,300,10,10,1,3,10,AMP COMPM4,2.095,0.100,20338,426
009 日常（周年后修复）,10,300,10,10,1,3,14,PEQ-5,1.903,0.096,20338,387
009 日常（周年后修复）,10,300,10,10,1,3,18,M993穿甲弹,3.137,0.122,20338,638
009 日常（周年后修复）,10,300,10,10,1,3,30,JSP高速弹,5.261,0.157,20338,1070
009 日常（周年后修复）,10,300,10,10,1,3,38,IOP T2外骨骼,0.969,0.069,20338,197
009 日常（周年后修复）,10,300,10,10,1,3,42,Type1防弹插板,2.173,0.102,20338,442
009 日常（周年后修复）,10,300,10,10,1,3,56,IOP X2外骨骼,0.988,0.069,20338,201
009 日常（周年后修复）,10,300,10,10,1,3,64,AC2消音器,2.168,0.102,20338,441
009 日常（周年后修复）,10,300,10,10,1,3,70,ILM空尖弹,3.978,0.137,20338,809
009 日常（周年后修复）,10,300,10,10,1,3,74,#0猎鹿弹,2.429,0.108,20338,494
009 日常（周年后修复）,10,300,10,10,1,3,78,FST独头弹,2.655,0.113,20338,540
009 日常（周年后修复）,10,300,10,10,1,3,88,伪装披风,2.532,0.110,20338,515
009 日常（周年后修复）,10,300,10,10,1,3,222,RMR红点,3.358,0.126,20338,683
009 日常（周年后修复）,10,300,10,10,1,3,232,试制运算芯片,2.955,0.119,20338,601
009 日常（周年后修复）,10,300,10,10,1,3,312,HD50脚架,0.010,0.007,20338,2
009 日常（周年后修复）,10,300,10,10,1,4,3,PSO-1,0.138,0.026,20338,28
009 日常（周年后修复）,10,300,10,10,1,4,7,EOT 516,0.167,0.029,20338,34
009 日常（周年后修复）,10,300,10,10,1,4,11,COG M150,0.138,0.026,20338,28
009 日常（周年后修复）,10,300,10,10,1,4,15,PEQ-15,0.113,0.024,20338,23
009 日常（周年后修复）,10,300,10,10,1,4,19,Mk169穿甲弹,0.280,0.037,20338,57
009 日常（周年后修复）,10,300,10,10,1,4,31,JHP高速弹,0.329,0.040,20338,67
009 日常（周年后修复）,10,300,10,10,1,4,39,IOP T3外骨骼,0.089,0.021,20338,18
009 日常（周年后修复）,10,300,10,10,1,4,43,Type2防弹插板,0.157,0.028,20338,32
009 日常（周年后修复）,10,300,10,10,1,4,57,IOP X3外骨骼,0.059,0.017,20338,12
009 日常（周年后修复）,10,300,10,10,1,4,65,AC3消音器,0.172,0.029,20338,35
009 日常（周年后修复）,10,300,10,10,1,4,71,ILM空尖弹,0.315,0.039,20338,64
009 日常（周年后修复）,10,300,10,10,1,4,75,#00猎鹿弹,0.148,0.027,20338,30
009 日常（周年后修复）,10,300,10,10,1,4,79,WAD独头弹,0.177,0.029,20338,36
009 日常（周年后修复）,10,300,10,10,1,4,89,城市迷彩披风,0.187,0.030,20338,38
009 日常（周年后修复）,10,300,10,10,1,4,223,RMR T2红点,0.305,0.039,20338,62
009 日常（周年后修复）,10,300,10,10,1,4,226,M33狙击弹,0.246,0.035,20338,50
009 日常（周年后修复）,10,300,10,10,1,4,228,Mk900SLAP,12.666,0.233,20338,2576
009 日常（周年后修复）,10,300,10,10,1,4,230,#6鸟弹,0.207,0.032,20338,42
009 日常（周年后修复）,10,300,10,10,1,4,233,#1运算芯片,0.300,0.038,20338,61
009 日常（周年后修复）,10,300,10,10,1,5,4,VFL 6-24X56,0.015,0.009,20338,3
009 日常（周年后修复）,10,300,10,10,1,5,8,EOT 518,0.030,0.012,20338,6
009 日常（周年后修复）,10,300,10,10,1,5,12,ITI MARS,0.044,0.015,20338,9
009 日常（周年后修复）,10,300,10,10,1,5,16,PEQ-16A,0.015,0.009,20338,3
009 日常（周年后修复）,10,300,10,10,1,5,20,Mk211高爆穿甲弹,0.059,0.017,20338,12
009 日常（周年后修复）,10,300,10,10,1,5,32,APCR高速弹,0.074,0.019,20338,15
009 日常（周年后修复）,10,300,10,10,1,5,40,IOP T4外骨骼,0.005,0.005,20338,1
009 日常（周年后修复）,10,300,10,10,1,5,44,Type3防弹插板,0.025,0.011,20338,5
009 日常（周年后修复）,10,300,10,10,1,5,58,IOP X4外骨骼,0.010,0.007,20338,2
009 日常（周年后修复）,10,300,10,10,1,5,66,AC4消音器,0.074,0.019,20338,15
009 日常（周年后修复）,10,300,10,10,1,5,72,ILM空尖弹,0.054,0.016,20338,11
009 日常（周年后修复）,10,300,10,10,1,5,76,#000猎鹿弹,0.054,0.016,20338,11
009 日常（周年后修复）,10,300,10,10,1,5,80,SABOT独头弹,0.025,0.011,20338,5
009 日常（周年后修复）,10,300,10,10,1,5,90,热光学迷彩披风,0.039,0.014,20338,8
009 日常（周年后修复）,10,300,10,10,1,5,224,RMR T4红点,0.079,0.020,20338,16
009 日常（周年后修复）,10,300,10,10,1,5,225,信号弹,0.025,0.011,20338,5
009 日常（周年后修复）,10,300,10,10,1,5,227,M1022狙击弹,0.054,0.016,20338,11
009 日常（周年后修复）,10,300,10,10,1,5,229,Mk1000SLAP,2.699,0.114,20338,549
009 日常（周年后修复）,10,300,10,10,1,5,231,#7.5鸟弹,0.059,0.017,20338,12
009 日常（周年后修复）,10,300,10,10,1,5,234,#2运算芯片,0.059,0.017,20338,12
009 日常（周年后修复）,10,300,10,10,1,5,235,霰弹用闪光弹,0.034,0.013,20338,7
009 日常（周年后修复）,10,300,10,10,1,5,305,SF武器灯改,0.020,0.010,20338,4
009 日常（周年后修复）,10,300,10,10,1,5,309,专注芯片,0.034,0.013,20338,7
009 日常（周年后修复）,30,30,30,200,0,4,67,IOP大容量弹链箱,84.534,0.296,14949,12637
009 日常（周年后修复）,30,30,30,200,0,5,68,IOP极限弹链箱,15.466,0.296,14949,2312
009 日常（周年后修复）,30,30,30,200,1,2,1,BM 3-12X40,3.941,0.165,13829,545
009 日常（周年后修复）,30,30,30,200,1,2,5,EOT 506,3.941,0.165,13829,545
009 日常（周年后修复）,30,30,30,200,1,2,9,AMP COMPM2,3.977,0.166,13829,550
009 日常（周年后修复）,30,30,30,200,1,2,13,PEQ-2,3.984,0.166,13829,551
009 日常（周年后修复）,30,30,30,200,1,2,37,IOP T1外骨骼,3.912,0.165,13829,541
009 日常（周年后修复）,30,30,30,200,1,2,55,IOP X1外骨骼,3.594,0.158,13829,497
009 日常（周年后修复）,30,30,30,200,1,2,63,AC1消音器,5.163,0.188,13829,714
009 日常（周年后修复）,30,30,30,200,1,2,87,破旧披风,5.626,0.196,13829,778
009 日常（周年后修复）,30,30,30,200,1,3,2,LRA 2-12x50,2.213,0.125,13829,306
009 日常（周年后修复）,30,30,30,200,1,3,6,EOT 512,2.003,0.119,13829,277
009 日常（周年后修复）,30,30,30,200,1,3,10,AMP COMPM4,2.278,0.127,13829,315
009 日常（周年后修复）,30,30,30,200,1,3,14,PEQ-5,2.480,0.132,13829,343
009 日常（周年后修复）,30,30,30,200,1,3,38,IOP T2外骨骼,1.981,0.119,13829,274
009 日常（周年后修复）,30,30,30,200,1,3,42,Type1防弹插板,4.845,0.183,13829,670
009 日常（周年后修复）,30,30,30,200,1,3,56,IOP X2外骨骼,1.960,0.118,13829,271
009 日常（周年后修复）,30,30,30,200,1,3,64,AC2消音器,3.240,0.151,13829,448
009 日常（周年后修复）,30,30,30,200,1,3,88,伪装披风,3.218,0.150,13829,445
009 日常（周年后修复）,30,30,30,200,1,3,222,RMR红点,5.799,0.199,13829,802
009 日常（周年后修复）,30,30,30,200,1,3,232,试制运算芯片,3.717,0.161,13829,514
009 日常（周年后修复）,30,30,30,200,1,4,3,PSO-1,0.275,0.045,13829,38
009 日常（周年后修复）,30,30,30,200,1,4,7,EOT 516,0.268,0.044,13829,37
009 日常（周年后修复）,30,30,30,200,1,4,11,COG M150,0.268,0.044,13829,37
009 日常（周年后修复）,30,30,30,200,1,4,15,PEQ-15,0.318,0.048,13829,44
009 日常（周年后修复）,30,30,30,200,1,4,39,IOP T3外骨骼,0.181,0.036,13829,25
009 日常（周年后修复）,30,30,30,200,1,4,43,Type2防弹插板,0.542,0.062,13829,75
009 日常（周年后修复）,30,30,30,200,1,4,57,IOP X3外骨骼,0.231,0.041,13829,32
009 日常（周年后修复）,30,30,30,200,1,4,65,AC3消音器,0.412,0.054,13829,57
009 日常（周年后修复）,30,30,30,200,1,4,67,IOP大容量弹链箱,22.279,0.354,13829,3081
009 日常（周年后修复）,30,30,30,200,1,4,89,城市迷彩披风,0.333,0.049,13829,46
009 日常（周年后修复）,30,30,30,200,1,4,223,RMR T2红点,0.542,0.062,13829,75
009 日常（周年后修复）,30,30,30,200,1,4,233,#1运算芯片,0.419,0.055,13829,58
009 日常（周年后修复）,30,30,30,200,1,5,4,VFL 6-24X56,0.051,0.019,13829,7
009 日常（周年后修复）,30,30,30,200,1,5,8,EOT 518,0.065,0.022,13829,9
009 日常（周年后修复）,30,30,30,200,1,5,12,ITI MARS,0.065,0.022,13829,9
009 日常（周年后修复）,30,30,30,200,1,5,16,PEQ-16A,0.036,0.016,13829,5
009 日常（周年后修复）,30,30,30,200,1,5,40,IOP T4外骨骼,0.065,0.022,13829,9
009 日常（周年后修复）,30,30,30,200,1,5,44,Type3防弹插板,0.195,0.038,13829,27
009 日常（周年后修复）,30,30,30,200,1,5,58,IOP X4外骨骼,0.072,0.023,13829,10
009 日常（周年后修复）,30,30,30,200,1,5,66,AC4消音器,0.152,0.033,13829,21
009 日常（周年后修复）,30,30,30,200,1,5,68,IOP极限弹链箱,4.874,0.183,13829,674
009 日常（周年后修复）,30,30,30,200,1,5,90,热光学迷彩披风,0.065,0.022,13829,9
009 日常（周年后修复）,30,30,30,200,1,5,224,RMR T4红点,0.188,0.037,13829,26
009 日常（周年后修复）,30,30,30,200,1,5,234,#2运算芯片,0.087,0.025,13829,12
009 日常（周年后修复）,30,30,30,200,1,5,305,SF武器灯改,0.058,0.020,13829,8
009 日常（周年后修复）,30,30,30,200,1,5,309,专注芯片,0.087,0.025,13829,12
009 日常（周年后修复）,30,150,30,130,0,2,73,#1猎鹿弹,15.271,0.155,53742,8207
009 日常（周年后修复）,30,150,30,130,0,2,77,BK独头弹,15.509,0.156,53742,8335
009 日常（周年后修复）,30,150,30,130,0,3,74,#0猎鹿弹,15.647,0.157,53742,8409
009 日常（周年后修复）,30,150,30,130,0,3,78,FST独头弹,15.662,0.157,53742,8417
009 日常（周年后修复）,30,150,30,130,0,4,75,#00猎鹿弹,9.964,0.129,53742,5355
009 日常（周年后修复）,30,150,30,130,0,4,79,WAD独头弹,10.029,0.130,53742,5390
009 日常（周年后修复）,30,150,30,130,0,4,230,#6鸟弹,10.219,0.131,53742,5492
009 日常（周年后修复）,30,150,30,130,0,5,76,#000猎鹿弹,1.930,0.059,53742,1037
009 日常（周年后修复）,30,150,30,130,0,5,80,SABOT独头弹,1.831,0.058,53742,984
009 日常（周年后修复）,30,150,30,130,0,5,231,#7.5鸟弹,1.956,0.060,53742,1051
009 日常（周年后修复）,30,150,30,130,0,5,235,霰弹用闪光弹,1.982,0.060,53742,1065
009 日常（周年后修复）,30,150,30,130,1,2,1,BM 3-12X40,0.161,0.022,33505,54
009 日常（周年后修复）,30,150,30,130,1,2,5,EOT 506,0.176,0.023,33505,59
009 日常（周年后修复）,30,150,30,130,1,2,9,AMP COMPM2,0.149,0.021,33505,50
009 日常（周年后修复）,30,150,30,130,1,2,13,PEQ-2,0.191,0.024,33505,64
009 日常（周年后修复）,30,150,30,130,1,2,17,M61穿甲弹,1.018,0.055,33505,341
009 日常（周年后修复）,30,150,30,130,1,2,29,FMJ高速弹,0.686,0.045,33505,230
009 日常（周年后修复）,30,150,30,130,1,2,37,IOP T1外骨骼,0.227,0.026,33505,76
009 日常（周年后修复）,30,150,30,130,1,2,55,IOP X1外骨骼,0.239,0.027,33505,80
009 日常（周年后修复）,30,150,30,130,1,2,63,AC1消音器,0.269,0.028,33505,90
009 日常（周年后修复）,30,150,30,130,1,2,69,ILM空尖弹,0.400,0.034,33505,134
009 日常（周年后修复）,30,150,30,130,1,2,73,#1猎鹿弹,15.341,0.197,33505,5140
009 日常（周年后修复）,30,150,30,130,1,2,77,BK独头弹,15.869,0.200,33505,5317
009 日常（周年后修复）,30,150,30,130,1,2,87,破旧披风,0.275,0.029,33505,92
009 日常（周年后修复）,30,150,30,130,1,3,2,LRA 2-12x50,0.143,0.021,33505,48
009 日常（周年后修复）,30,150,30,130,1,3,6,EOT 512,0.137,0.020,33505,46
009 日常（周年后修复）,30,150,30,130,1,3,10,AMP COMPM4,0.197,0.024,33505,66
009 日常（周年后修复）,30,150,30,130,1,3,14,PEQ-5,0.191,0.024,33505,64
009 日常（周年后修复）,30,150,30,130,1,3,18,M993穿甲弹,0.958,0.053,33505,321
009 日常（周年后修复）,30,150,30,130,1,3,30,JSP高速弹,0.582,0.042,33505,195
009 日常（周年后修复）,30,150,30,130,1,3,38,IOP T2外骨骼,0.245,0.027,33505,82
009 日常（周年后修复）,30,150,30,130,1,3,42,Type1防弹插板,0.415,0.035,33505,139
009 日常（周年后修复）,30,150,30,130,1,3,56,IOP X2外骨骼,0.272,0.028,33505,91
009 日常（周年后修复）,30,150,30,130,1,3,64,AC2消音器,0.227,0.026,33505,76
009 日常（周年后修复）,30,150,30,130,1,3,70,ILM空尖弹,0.382,0.034,33505,128
009 日常（周年后修复）,30,150,30,130,1,3,74,#0猎鹿弹,14.854,0.194,33505,4977
009 日常（周年后修复）,30,150,30,130,1,3,78,FST独头弹,15.171,0.196,33505,5083
009 日常（周年后修复）,30,150,30,130,1,3,88,伪装披风,0.194,0.024,33505,65
009 日常（周年后修复）,30,150,30,130,1,3,222,RMR红点,0.469,0.037,33505,157
009 日常（周年后修复）,30,150,30,130,1,3,232,试制运算芯片,0.421,0.035,33505,141
009 日常（周年后修复）,30,150,30,130,1,4,3,PSO-1,0.069,0.014,33505,23
009 日常（周年后修复）,30,150,30,130,1,4,7,EOT 516,0.104,0.018,33505,35
009 日常（周年后修复）,30,150,30,130,1,4,11,COG M150,0.087,0.016,33505,29
009 日常（周年后修复）,30,150,30,130,1,4,15,PEQ-15,0.081,0.016,33505,27
009 日常（周年后修复）,30,150,30,130,1,4,19,Mk169穿甲弹,0.448,0.036,33505,150
009 日常（周年后修复）,30,150,30,130,1,4,31,JHP高速弹,0.278,0.029,33505,93
009 日常（周年后修复）,30,150,30,130,1,4,39,IOP T3外骨骼,0.084,0.016,33505,28
009 日常（周年后修复）,30,150,30,130,1,4,43,Type2防弹插板,0.185,0.023,33505,62
009 日常（周年后修复）,30,150,30,130,1,4,57,IOP X3外骨骼,0.113,0.018,33505,38
009 日常（周年后修复）,30,150,30,130,1,4,65,AC3消音器,0.081,0.016,33505,27
009 日常（周年后修复）,30,150,30,130,1,4,71,ILM空尖弹,0.164,0.022,33505,55
009 日常（周年后修复）,30,150,30,130,1,4,75,#00猎鹿弹,6.969,0.139,33505,2335
009 日常（周年后修复）,30,150,30,130,1,4,79,WAD独头弹,7.083,0.140,33505,2373
009 日常（周年后修复）,30,150,30,130,1,4,89,城市迷彩披风,0.134,0.020,33505,45
009 日常（周年后修复）,30,150,30,130,1,4,223,RMR T2红点,0.155,0.022,33505,52
009 日常（周年后修复）,30,150,30,130,1,4,226,M33狙击弹,0.364,0.033,33505,122
009 日常（周年后修复）,30,150,30,130,1,4,228,Mk900SLAP,0.125,0.019,33505,42
009 日常（周年后修复）,30,150,30,130,1,4,230,#6鸟弹,7.065,0.140,33505,2367
009 日常（周年后修复）,30,150,30,130,1,4,233,#1运算芯片,0.170,0.023,33505,57
009 日常（周年后修复）,30,150,30,130,1,5,4,VFL 6-24X56,0.009,0.005,33505,3
009 日常（周年后修复）,30,150,30,130,1,5,8,EOT 518,0.012,0.006,33505,4
009 日常（周年后修复）,30,150,30,130,1,5,12,ITI MARS,0.027,0.009,33505,9
009 日常（周年后修复）,30,150,30,130,1,5,16,PEQ-16A,0.021,0.008,33505,7
009 日常（周年后修复）,30,150,30,130,1,5,20,Mk211高爆穿甲弹,0.098,0.017,33505,33
009 日常（周年后修复）,30,150,30,130,1,5,32,APCR高速弹,0.060,0.013,33505,20
009 日常（周年后修复）,30,150,30,130,1,5,40,IOP T4外骨骼,0.039,0.011,33505,13
009 日常（周年后修复）,30,150,30,130,1,5,44,Type3防弹插板,0.033,0.010,33505,11
009 日常（周年后修复）,30,150,30,130,1,5,58,IOP X4外骨骼,0.015,0.007,33505,5
009 日常（周年后修复）,30,150,30,130,1,5,66,AC4消音器,0.057,0.013,33505,19
009 日常（周年后修复）,30,150,30,130,1,5,72,ILM空尖弹,0.024,0.008,33505,8
009 日常（周年后修复）,30,150,30,130,1,5,76,#000猎鹿弹,1.642,0.069,33505,550
009 日常（周年后修复）,30,150,30,130,1,5,80,SABOT独头弹,1.540,0.067,33505,516
009 日常（周年后修复）,30,150,30,130,1,5,90,热光学迷彩披风,0.057,0.013,33505,19
009 日常（周年后修复）,30,150,30,130,1,5,224,RMR T4红点,0.051,0.012,33505,17
009 日常（周年后修复）,30,150,30,130,1,5,225,信号弹,0.018,0.007,33505,6
009 日常（周年后修复）,30,150,30,130,1,5,227,M1022狙击弹,0.104,0.018,33505,35
009 日常（周年后修复）,30,150,30,130,1,5,229,Mk1000SLAP,0.024,0.008,33505,8
009 日常（周年后修复）,30,150,30,130,1,5,231,#7.5鸟弹,1.540,0.067,33505,516
009 日常（周年后修复）,30,150,30,130,1,5,234,#2运算芯片,0.045,0.012,33505,15
009 日常（周年后修复）,30,150,30,130,1,5,235,霰弹用闪光弹,0.883,0.051,33505,296
009 日常（周年后修复）,30,150,30,130,1,5,305,SF武器灯改,0.027,0.009,33505,9
009 日常（周年后修复）,30,150,30,130,1,5,309,专注芯片,0.060,0.013,33505,20
009 日常（周年后修复）,50,50,100,100,0,3,42,Type1防弹插板,74.449,0.415,11021,8205
009 日常（周年后修复）,50,50,100,100,0,4,43,Type2防弹插板,20.479,0.384,11021,2257
009 日常（周年后修复）,50,50,100,100,0,5,44,Type3防弹插板,5.072,0.209,11021,559
009 日常（周年后修复）,50,50,100,100,1,2,1,BM 3-12X40,3.820,0.194,9739,372
009 日常（周年后修复）,50,50,100,100,1,2,5,EOT 506,4.035,0.199,9739,393
009 日常（周年后修复）,50,50,100,100,1,2,9,AMP COMPM2,3.809,0.194,9739,371
009 日常（周年后修复）,50,50,100,100,1,2,13,PEQ-2,5.288,0.227,9739,515
009 日常（周年后修复）,50,50,100,100,1,2,37,IOP T1外骨骼,5.165,0.224,9739,503
009 日常（周年后修复）,50,50,100,100,1,2,55,IOP X1外骨骼,4.857,0.218,9739,473
009 日常（周年后修复）,50,50,100,100,1,2,63,AC1消音器,5.545,0.232,9739,540
009 日常（周年后修复）,50,50,100,100,1,2,87,破旧披风,5.206,0.225,9739,507
009 日常（周年后修复）,50,50,100,100,1,3,2,LRA 2-12x50,0.288,0.054,9739,28
009 日常（周年后修复）,50,50,100,100,1,3,6,EOT 512,0.452,0.068,9739,44
009 日常（周年后修复）,50,50,100,100,1,3,10,AMP COMPM4,0.524,0.073,9739,51
009 日常（周年后修复）,50,50,100,100,1,3,14,PEQ-5,0.544,0.075,9739,53
009 日常（周年后修复）,50,50,100,100,1,3,38,IOP T2外骨骼,0.596,0.078,9739,58
009 日常（周年后修复）,50,50,100,100,1,3,42,Type1防弹插板,30.250,0.465,9739,2946
009 日常（周年后修复）,50,50,100,100,1,3,56,IOP X2外骨骼,0.565,0.076,9739,55
009 日常（周年后修复）,50,50,100,100,1,3,64,AC2消音器,0.657,0.082,9739,64
009 日常（周年后修复）,50,50,100,100,1,3,88,伪装披风,0.667,0.083,9739,65
009 日常（周年后修复）,50,50,100,100,1,3,222,RMR红点,1.674,0.130,9739,163
009 日常（周年后修复）,50,50,100,100,1,3,232,试制运算芯片,0.657,0.082,9739,64
009 日常（周年后修复）,50,50,100,100,1,4,3,PSO-1,0.195,0.045,9739,19
009 日常（周年后修复）,50,50,100,100,1,4,7,EOT 516,0.288,0.054,9739,28
009 日常（周年后修复）,50,50,100,100,1,4,11,COG M150,0.226,0.048,9739,22
009 日常（周年后修复）,50,50,100,100,1,4,15,PEQ-15,0.288,0.054,9739,28
009 日常（周年后修复）,50,50,100,100,1,4,39,IOP T3外骨骼,0.339,0.059,9739,33
009 日常（周年后修复）,50,50,100,100,1,4,43,Type2防弹插板,17.363,0.384,9739,1691
009 日常（周年后修复）,50,50,100,100,1,4,57,IOP X3外骨骼,0.380,0.062,9739,37
009 日常（周年后修复）,50,50,100,100,1,4,65,AC3消音器,0.370,0.061,9739,36
009 日常（周年后修复）,50,50,100,100,1,4,89,城市迷彩披风,0.318,0.057,9739,31
009 日常（周年后修复）,50,50,100,100,1,4,223,RMR T2红点,0.493,0.071,9739,48
009 日常（周年后修复）,50,50,100,100,1,4,233,#1运算芯片,0.308,0.056,9739,30
009 日常（周年后修复）,50,50,100,100,1,5,4,VFL 6-24X56,0.072,0.027,9739,7
009 日常（周年后修复）,50,50,100,100,1,5,8,EOT 518,0.092,0.031,9739,9
009 日常（周年后修复）,50,50,100,100,1,5,12,ITI MARS,0.072,0.027,9739,7
009 日常（周年后修复）,50,50,100,100,1,5,16,PEQ-16A,0.062,0.025,9739,6
009 日常（周年后修复）,50,50,100,100,1,5,40,IOP T4外骨骼,0.072,0.027,9739,7
009 日常（周年后修复）,50,50,100,100,1,5,44,Type3防弹插板,3.686,0.191,9739,359
009 日常（周年后修复）,50,50,100,100,1,5,58,IOP X4外骨骼,0.051,0.023,9739,5
009 日常（周年后修复）,50,50,100,100,1,5,66,AC4消音器,0.154,0.040,9739,15
009 日常（周年后修复）,50,50,100,100,1,5,90,热光学迷彩披风,0.062,0.025,9739,6
009 日常（周年后修复）,50,50,100,100,1,5,224,RMR T4红点,0.164,0.041,9739,16
009 日常（周年后修复）,50,50,100,100,1,5,234,#2运算芯片,0.123,0.036,9739,12
009 日常（周年后修复）,50,50,100,100,1,5,305,SF武器灯改,0.144,0.038,9739,14
009 日常（周年后修复）,50,50,100,100,1,5,309,专注芯片,0.082,0.029,9739,8
009 日常（周年后修复）,50,250,150,100,1,2,1,BM 3-12X40,1.021,0.262,1469,15
009 日常（周年后修复）,50,250,150,100,1,2,5,EOT 506,1.225,0.287,1469,18
009 日常（周年后修复）,50,250,150,100,1,2,9,AMP COMPM2,1.021,0.262,1469,15
009 日常（周年后修复）,50,250,150,100,1,2,13,PEQ-2,1.906,0.357,1469,28
009 日常（周年后修复）,50,250,150,100,1,2,17,M61穿甲弹,5.378,0.588,1469,79
009 日常（周年后修复）,50,250,150,100,1,2,29,FMJ高速弹,8.373,0.722,1469,123
009 日常（周年后修复）,50,250,150,100,1,2,37,IOP T1外骨骼,1.430,0.310,1469,21
009 日常（周年后修复）,50,250,150,100,1,2,55,IOP X1外骨骼,0.885,0.244,1469,13
009 日常（周年后修复）,50,250,150,100,1,2,63,AC1消音器,1.498,0.317,1469,22
009 日常（周年后修复）,50,250,150,100,1,2,69,ILM空尖弹,2.927,0.440,1469,43
009 日常（周年后修复）,50,250,150,100,1,2,73,#1猎鹿弹,3.336,0.468,1469,49
009 日常（周年后修复）,50,250,150,100,1,2,77,BK独头弹,3.744,0.495,1469,55
009 日常（周年后修复）,50,250,150,100,1,2,87,破旧披风,1.906,0.357,1469,28
009 日常（周年后修复）,50,250,150,100,1,3,2,LRA 2-12x50,0.545,0.192,1469,8
009 日常（周年后修复）,50,250,150,100,1,3,6,EOT 512,0.817,0.235,1469,12
009 日常（周年后修复）,50,250,150,100,1,3,10,AMP COMPM4,0.817,0.235,1469,12
009 日常（周年后修复）,50,250,150,100,1,3,14,PEQ-5,1.293,0.295,1469,19
009 日常（周年后修复）,50,250,150,100,1,3,18,M993穿甲弹,4.629,0.548,1469,68
009 日常（周年后修复）,50,250,150,100,1,3,30,JSP高速弹,5.650,0.602,1469,83
009 日常（周年后修复）,50,250,150,100,1,3,38,IOP T2外骨骼,0.749,0.225,1469,11
009 日常（周年后修复）,50,250,150,100,1,3,42,Type1防弹插板,2.314,0.392,1469,34
009 日常（周年后修复）,50,250,150,100,1,3,56,IOP X2外骨骼,0.817,0.235,1469,12
009 日常（周年后修复）,50,250,150,100,1,3,64,AC2消音器,0.953,0.253,1469,14
009 日常（周年后修复）,50,250,150,100,1,3,70,ILM空尖弹,1.838,0.350,1469,27
009 日常（周年后修复）,50,250,150,100,1,3,74,#0猎鹿弹,2.178,0.381,1469,32
009 日常（周年后修复）,50,250,150,100,1,3,78,FST独头弹,1.702,0.337,1469,25
009 日常（周年后修复）,50,250,150,100,1,3,88,伪装披风,1.225,0.287,1469,18
009 日常（周年后修复）,50,250,150,100,1,3,222,RMR红点,2.451,0.403,1469,36
009 日常（周年后修复）,50,250,150,100,1,3,232,试制运算芯片,1.361,0.302,1469,20
009 日常（周年后修复）,50,250,150,100,1,3,306,Mk3喉缩管,4.629,0.548,1469,68
009 日常（周年后修复）,50,250,150,100,1,4,3,PSO-1,0.204,0.118,1469,3
009 日常（周年后修复）,50,250,150,100,1,4,7,EOT 516,0.613,0.204,1469,9
009 日常（周年后修复）,50,250,150,100,1,4,11,COG M150,0.613,0.204,1469,9
009 日常（周年后修复）,50,250,150,100,1,4,15,PEQ-15,0.477,0.180,1469,7
009 日常（周年后修复）,50,250,150,100,1,4,19,Mk169穿甲弹,1.838,0.350,1469,27
009 日常（周年后修复）,50,250,150,100,1,4,31,JHP高速弹,4.289,0.528,1469,63
009 日常（周年后修复）,50,250,150,100,1,4,39,IOP T3外骨骼,0.477,0.180,1469,7
009 日常（周年后修复）,50,250,150,100,1,4,43,Type2防弹插板,1.430,0.310,1469,21
009 日常（周年后修复）,50,250,150,100,1,4,57,IOP X3外骨骼,0.749,0.225,1469,11
009 日常（周年后修复）,50,250,150,100,1,4,65,AC3消音器,0.681,0.214,1469,10
009 日常（周年后修复）,50,250,150,100,1,4,71,ILM空尖弹,0.953,0.253,1469,14
009 日常（周年后修复）,50,250,150,100,1,4,75,#00猎鹿弹,1.089,0.271,1469,16
009 日常（周年后修复）,50,250,150,100,1,4,79,WAD独头弹,1.157,0.279,1469,17
009 日常（周年后修复）,50,250,150,100,1,4,89,城市迷彩披风,0.817,0.235,1469,12
009 日常（周年后修复）,50,250,150,100,1,4,223,RMR T2红点,1.021,0.262,1469,15
009 日常（周年后修复）,50,250,150,100,1,4,226,M33狙击弹,2.246,0.387,1469,33
009 日常（周年后修复）,50,250,150,100,1,4,228,Mk900SLAP,0.613,0.204,1469,9
009 日常（周年后修复）,50,250,150,100,1,4,230,#6鸟弹,0.681,0.214,1469,10
009 日常（周年后修复）,50,250,150,100,1,4,233,#1运算芯片,0.885,0.244,1469,13
009 日常（周年后修复）,50,250,150,100,1,4,307,Mk4喉缩管,2.519,0.409,1469,37
009 日常（周年后修复）,50,250,150,100,1,4,310,M1050 LRF,2.383,0.398,1469,35
009 日常（周年后修复）,50,250,150,100,1,5,4,VFL 6-24X56,0.068,0.068,1469,1
009 日常（周年后修复）,50,250,150,100,1,5,8,EOT 518,0.068,0.068,1469,1
009 日常（周年后修复）,50,250,150,100,1,5,12,ITI MARS,0.136,0.096,1469,2
009 日常（周年后修复）,50,250,150,100,1,5,20,Mk211高爆穿甲弹,0.613,0.204,1469,9
009 日常（周年后修复）,50,250,150,100,1,5,32,APCR高速弹,0.681,0.214,1469,10
009 日常（周年后修复）,50,250,150,100,1,5,40,IOP T4外骨骼,0.136,0.096,1469,2
009 日常（周年后修复）,50,250,150,100,1,5,44,Type3防弹插板,0.272,0.136,1469,4
009 日常（周年后修复）,50,250,150,100,1,5,58,IOP X4外骨骼,0.068,0.068,1469,1
009 日常（周年后修复）,50,250,150,100,1,5,66,AC4消音器,0.068,0.068,1469,1
009 日常（周年后修复）,50,250,150,100,1,5,72,ILM空尖弹,0.204,0.118,1469,3
009 日常（周年后修复）,50,250,150,100,1,5,76,#000猎鹿弹,0.204,0.118,1469,3
009 日常（周年后修复）,50,250,150,100,1,5,80,SABOT独头弹,0.408,0.166,1469,6
009 日常（周年后修复）,50,250,150,100,1,5,90,热光学迷彩披风,0.068,0.068,1469,1
009 日常（周年后修复）,50,250,150,100,1,5,224,RMR T4红点,0.272,0.136,1469,4
009 日常（周年后修复）,50,250,150,100,1,5,225,信号弹,0.068,0.068,1469,1
009 日常（周年后修复）,50,250,150,100,1,5,227,M1022狙击弹,0.272,0.136,1469,4
009 日常（周年后修复）,50,250,150,100,1,5,229,Mk1000SLAP,0.204,0.118,1469,3
009 日常（周年后修复）,50,250,150,100,1,5,231,#7.5鸟弹,0.477,0.180,1469,7
009 日常（周年后修复）,50,250,150,100,1,5,234,#2运算芯片,0.136,0.096,1469,2
009 日常（周年后修复）,50,250,150,100,1,5,305,SF武器灯改,0.204,0.118,1469,3
009 日常（周年后修复）,50,250,150,100,1,5,308,Mk0多用途喉缩管,0.408,0.166,1469,6
009 日常（周年后修复）,50,250,150,100,1,5,309,专注芯片,0.068,0.068,1469,1
009 日常（周年后修复）,50,250,150,100,1,5,311,M200X LRF,0.545,0.192,1469,8
009 日常（周年后修复）,70,10,150,30,0,2,13,PEQ-2,40.641,0.122,161280,65546
009 日常（周年后修复）,70,10,150,30,0,3,14,PEQ-5,40.565,0.122,161280,65424
009 日常（周年后修复）,70,10,150,30,0,4,15,PEQ-15,15.334,0.090,161280,24731
009 日常（周年后修复）,70,10,150,30,0,5,16,PEQ-16A,1.698,0.032,161280,2738
009 日常（周年后修复）,70,10,150,30,0,5,305,SF武器灯改,1.762,0.033,161280,2841
009 日常（周年后修复）,70,10,150,30,1,2,1,BM 3-12X40,1.318,0.042,73822,973
009 日常（周年后修复）,70,10,150,30,1,2,5,EOT 506,1.351,0.042,73822,997
009 日常（周年后修复）,70,10,150,30,1,2,9,AMP COMPM2,1.405,0.043,73822,1037
009 日常（周年后修复）,70,10,150,30,1,2,13,PEQ-2,32.424,0.172,73822,23936
009 日常（周年后修复）,70,10,150,30,1,2,29,FMJ高速弹,0.001,0.001,73822,1
009 日常（周年后修复）,70,10,150,30,1,2,37,IOP T1外骨骼,0.313,0.021,73822,231
009 日常（周年后修复）,70,10,150,30,1,2,55,IOP X1外骨骼,0.360,0.022,73822,266
009 日常（周年后修复）,70,10,150,30,1,2,63,AC1消音器,0.988,0.036,73822,729
009 日常（周年后修复）,70,10,150,30,1,2,69,ILM空尖弹,0.001,0.001,73822,1
009 日常（周年后修复）,70,10,150,30,1,2,77,BK独头弹,0.001,0.001,73822,1
009 日常（周年后修复）,70,10,150,30,1,2,87,破旧披风,1.834,0.049,73822,1354
009 日常（周年后修复）,70,10,150,30,1,3,2,LRA 2-12x50,1.261,0.041,73822,931
009 日常（周年后修复）,70,10,150,30,1,3,6,EOT 512,1.322,0.042,73822,976
009 日常（周年后修复）,70,10,150,30,1,3,10,AMP COMPM4,1.318,0.042,73822,973
009 日常（周年后修复）,70,10,150,30,1,3,14,PEQ-5,30.166,0.169,73822,22269
009 日常（周年后修复）,70,10,150,30,1,3,30,JSP高速弹,0.001,0.001,73822,1
009 日常（周年后修复）,70,10,150,30,1,3,38,IOP T2外骨骼,0.293,0.020,73822,216
009 日常（周年后修复）,70,10,150,30,1,3,42,Type1防弹插板,0.879,0.034,73822,649
009 日常（周年后修复）,70,10,150,30,1,3,56,IOP X2外骨骼,0.268,0.019,73822,198
009 日常（周年后修复）,70,10,150,30,1,3,64,AC2消音器,0.913,0.035,73822,674
009 日常（周年后修复）,70,10,150,30,1,3,88,伪装披风,1.756,0.048,73822,1296
009 日常（周年后修复）,70,10,150,30,1,3,222,RMR红点,1.330,0.042,73822,982
009 日常（周年后修复）,70,10,150,30,1,3,232,试制运算芯片,0.885,0.034,73822,653
009 日常（周年后修复）,70,10,150,30,1,4,3,PSO-1,0.531,0.027,73822,392
009 日常（周年后修复）,70,10,150,30,1,4,7,EOT 516,0.461,0.025,73822,340
009 日常（周年后修复）,70,10,150,30,1,4,11,COG M150,0.531,0.027,73822,392
009 日常（周年后修复）,70,10,150,30,1,4,15,PEQ-15,12.247,0.121,73822,9041
009 日常（周年后修复）,70,10,150,30,1,4,31,JHP高速弹,0.001,0.001,73822,1
009 日常（周年后修复）,70,10,150,30,1,4,39,IOP T3外骨骼,0.095,0.011,73822,70
009 日常（周年后修复）,70,10,150,30,1,4,43,Type2防弹插板,0.344,0.022,73822,254
009 日常（周年后修复）,70,10,150,30,1,4,57,IOP X3外骨骼,0.096,0.011,73822,71
009 日常（周年后修复）,70,10,150,30,1,4,65,AC3消音器,0.347,0.022,73822,256
009 日常（周年后修复）,70,10,150,30,1,4,89,城市迷彩披风,0.597,0.028,73822,441
009 日常（周年后修复）,70,10,150,30,1,4,223,RMR T2红点,0.492,0.026,73822,363
009 日常（周年后修复）,70,10,150,30,1,4,233,#1运算芯片,0.314,0.021,73822,232
009 日常（周年后修复）,70,10,150,30,1,5,4,VFL 6-24X56,0.069,0.010,73822,51
009 日常（周年后修复）,70,10,150,30,1,5,8,EOT 518,0.049,0.008,73822,36
009 日常（周年后修复）,70,10,150,30,1,5,12,ITI MARS,0.072,0.010,73822,53
009 日常（周年后修复）,70,10,150,30,1,5,16,PEQ-16A,1.479,0.044,73822,1092
009 日常（周年后修复）,70,10,150,30,1,5,40,IOP T4外骨骼,0.008,0.003,73822,6
009 日常（周年后修复）,70,10,150,30,1,5,44,Type3防弹插板,0.046,0.008,73822,34
009 日常（周年后修复）,70,10,150,30,1,5,58,IOP X4外骨骼,0.016,0.005,73822,12
009 日常（周年后修复）,70,10,150,30,1,5,66,AC4消音器,0.083,0.011,73822,61
009 日常（周年后修复）,70,10,150,30,1,5,90,热光学迷彩披风,0.095,0.011,73822,70
009 日常（周年后修复）,70,10,150,30,1,5,224,RMR T4红点,0.076,0.010,73822,56
009 日常（周年后修复）,70,10,150,30,1,5,234,#2运算芯片,0.068,0.010,73822,50
009 日常（周年后修复）,70,10,150,30,1,5,305,SF武器灯改,1.443,0.044,73822,1065
009 日常（周年后修复）,70,10,150,30,1,5,309,专注芯片,0.053,0.008,73822,39
009 日常（周年后修复）,80,220,80,80,0,3,306,Mk3喉缩管,70.699,0.268,28753,20328
009 日常（周年后修复）,80,220,80,80,0,4,307,Mk4喉缩管,23.611,0.250,28753,6789
009 日常（周年后修复）,80,220,80,80,0,5,308,Mk0多用途喉缩管,5.690,0.137,28753,1636
009 日常（周年后修复）,80,220,80,80,1,2,1,BM 3-12X40,1.352,0.103,12501,169
009 日常（周年后修复）,80,220,80,80,1,2,5,EOT 506,1.264,0.100,12501,158
009 日常（周年后修复）,80,220,80,80,1,2,9,AMP COMPM2,1.328,0.102,12501,166
009 日常（周年后修复）,80,220,80,80,1,2,13,PEQ-2,1.440,0.107,12501,180
009 日常（周年后修复）,80,220,80,80,1,2,17,M61穿甲弹,4.808,0.191,12501,601
009 日常（周年后修复）,80,220,80,80,1,2,29,FMJ高速弹,9.863,0.267,12501,1233
009 日常（周年后修复）,80,220,80,80,1,2,37,IOP T1外骨骼,1.176,0.096,12501,147
009 日常（周年后修复）,80,220,80,80,1,2,55,IOP X1外骨骼,1.424,0.106,12501,178
009 日常（周年后修复）,80,220,80,80,1,2,63,AC1消音器,2.088,0.128,12501,261
009 日常（周年后修复）,80,220,80,80,1,2,69,ILM空尖弹,3.376,0.162,12501,422
009 日常（周年后修复）,80,220,80,80,1,2,73,#1猎鹿弹,2.736,0.146,12501,342
009 日常（周年后修复）,80,220,80,80,1,2,77,BK独头弹,2.728,0.146,12501,341
009 日常（周年后修复）,80,220,80,80,1,2,87,破旧披风,1.752,0.117,12501,219
009 日常（周年后修复）,80,220,80,80,1,3,2,LRA 2-12x50,0.288,0.048,12501,36
009 日常（周年后修复）,80,220,80,80,1,3,6,EOT 512,0.256,0.045,12501,32
009 日常（周年后修复）,80,220,80,80,1,3,10,AMP COMPM4,0.360,0.054,12501,45
009 日常（周年后修复）,80,220,80,80,1,3,14,PEQ-5,0.360,0.054,12501,45
009 日常（周年后修复）,80,220,80,80,1,3,18,M993穿甲弹,1.192,0.097,12501,149
009 日常（周年后修复）,80,220,80,80,1,3,30,JSP高速弹,2.384,0.136,12501,298
009 日常（周年后修复）,80,220,80,80,1,3,38,IOP T2外骨骼,0.360,0.054,12501,45
009 日常（周年后修复）,80,220,80,80,1,3,42,Type1防弹插板,0.824,0.081,12501,103
009 日常（周年后修复）,80,220,80,80,1,3,56,IOP X2外骨骼,0.264,0.046,12501,33
009 日常（周年后修复）,80,220,80,80,1,3,64,AC2消音器,0.480,0.062,12501,60
009 日常（周年后修复）,80,220,80,80,1,3,70,ILM空尖弹,0.776,0.078,12501,97
009 日常（周年后修复）,80,220,80,80,1,3,74,#0猎鹿弹,0.712,0.075,12501,89
009 日常（周年后修复）,80,220,80,80,1,3,78,FST独头弹,0.624,0.070,12501,78
009 日常（周年后修复）,80,220,80,80,1,3,88,伪装披风,0.456,0.060,12501,57
009 日常（周年后修复）,80,220,80,80,1,3,222,RMR红点,1.016,0.090,12501,127
009 日常（周年后修复）,80,220,80,80,1,3,232,试制运算芯片,0.808,0.080,12501,101
009 日常（周年后修复）,80,220,80,80,1,3,306,Mk3喉缩管,23.806,0.381,12501,2976
009 日常（周年后修复）,80,220,80,80,1,4,3,PSO-1,0.264,0.046,12501,33
009 日常（周年后修复）,80,220,80,80,1,4,7,EOT 516,0.184,0.038,12501,23
009 日常（周年后修复）,80,220,80,80,1,4,11,COG M150,0.168,0.037,12501,21
009 日常（周年后修复）,80,220,80,80,1,4,15,PEQ-15,0.280,0.047,12501,35
009 日常（周年后修复）,80,220,80,80,1,4,19,Mk169穿甲弹,0.864,0.083,12501,108
009 日常（周年后修复）,80,220,80,80,1,4,31,JHP高速弹,1.536,0.110,12501,192
009 日常（周年后修复）,80,220,80,80,1,4,39,IOP T3外骨骼,0.168,0.037,12501,21
009 日常（周年后修复）,80,220,80,80,1,4,43,Type2防弹插板,0.544,0.066,12501,68
009 日常（周年后修复）,80,220,80,80,1,4,57,IOP X3外骨骼,0.208,0.041,12501,26
009 日常（周年后修复）,80,220,80,80,1,4,65,AC3消音器,0.264,0.046,12501,33
009 日常（周年后修复）,80,220,80,80,1,4,71,ILM空尖弹,0.512,0.064,12501,64
009 日常（周年后修复）,80,220,80,80,1,4,75,#00猎鹿弹,0.368,0.054,12501,46
009 日常（周年后修复）,80,220,80,80,1,4,79,WAD独头弹,0.376,0.055,12501,47
009 日常（周年后修复）,80,220,80,80,1,4,89,城市迷彩披风,0.208,0.041,12501,26
009 日常（周年后修复）,80,220,80,80,1,4,223,RMR T2红点,0.584,0.068,12501,73
009 日常（周年后修复）,80,220,80,80,1,4,226,M33狙击弹,0.760,0.078,12501,95
009 日常（周年后修复）,80,220,80,80,1,4,228,Mk900SLAP,0.264,0.046,12501,33
009 日常（周年后修复）,80,220,80,80,1,4,230,#6鸟弹,0.512,0.064,12501,64
009 日常（周年后修复）,80,220,80,80,1,4,233,#1运算芯片,0.496,0.063,12501,62
009 日常（周年后修复）,80,220,80,80,1,4,307,Mk4喉缩管,15.279,0.322,12501,1910
009 日常（周年后修复）,80,220,80,80,1,5,4,VFL 6-24X56,0.016,0.011,12501,2
009 日常（周年后修复）,80,220,80,80,1,5,8,EOT 518,0.072,0.024,12501,9
009 日常（周年后修复）,80,220,80,80,1,5,12,ITI MARS,0.048,0.020,12501,6
009 日常（周年后修复）,80,220,80,80,1,5,16,PEQ-16A,0.032,0.016,12501,4
009 日常（周年后修复）,80,220,80,80,1,5,20,Mk211高爆穿甲弹,0.136,0.033,12501,17
009 日常（周年后修复）,80,220,80,80,1,5,32,APCR高速弹,0.360,0.054,12501,45
009 日常（周年后修复）,80,220,80,80,1,5,40,IOP T4外骨骼,0.008,0.008,12501,1
009 日常（周年后修复）,80,220,80,80,1,5,44,Type3防弹插板,0.040,0.018,12501,5
009 日常（周年后修复）,80,220,80,80,1,5,58,IOP X4外骨骼,0.032,0.016,12501,4
009 日常（周年后修复）,80,220,80,80,1,5,66,AC4消音器,0.080,0.025,12501,10
009 日常（周年后修复）,80,220,80,80,1,5,72,ILM空尖弹,0.152,0.035,12501,19
009 日常（周年后修复）,80,220,80,80,1,5,76,#000猎鹿弹,0.072,0.024,12501,9
009 日常（周年后修复）,80,220,80,80,1,5,80,SABOT独头弹,0.080,0.025,12501,10
009 日常（周年后修复）,80,220,80,80,1,5,90,热光学迷彩披风,0.056,0.021,12501,7
009 日常（周年后修复）,80,220,80,80,1,5,224,RMR T4红点,0.160,0.036,12501,20
009 日常（周年后修复）,80,220,80,80,1,5,225,信号弹,0.040,0.018,12501,5
009 日常（周年后修复）,80,220,80,80,1,5,227,M1022狙击弹,0.168,0.037,12501,21
009 日常（周年后修复）,80,220,80,80,1,5,229,Mk1000SLAP,0.056,0.021,12501,7
009 日常（周年后修复）,80,220,80,80,1,5,231,#7.5鸟弹,0.080,0.025,12501,10
009 日常（周年后修复）,80,220,80,80,1,5,234,#2运算芯片,0.072,0.024,12501,9
009 日常（周年后修复）,80,220,80,80,1,5,235,霰弹用闪光弹,0.056,0.021,12501,7
009 日常（周年后修复）,80,220,80,80,1,5,305,SF武器灯改,0.040,0.018,12501,5
009 日常（周年后修复）,80,220,80,80,1,5,308,Mk0多用途喉缩管,3.864,0.172,12501,483
009 日常（周年后修复）,80,220,80,80,1,5,309,专注芯片,0.144,0.034,12501,18
009 日常（周年后修复）,100,80,10,100,0,2,37,IOP T1外骨骼,18.727,0.151,66739,12498
009 日常（周年后修复）,100,80,10,100,0,2,55,IOP X1外骨骼,18.563,0.151,66739,12389
009 日常（周年后修复）,100,80,10,100,0,3,38,IOP T2外骨骼,18.680,0.151,66739,12467
009 日常（周年后修复）,100,80,10,100,0,3,56,IOP X2外骨骼,18.914,0.152,66739,12623
009 日常（周年后修复）,100,80,10,100,0,4,39,IOP T3外骨骼,9.966,0.116,66739,6651
009 日常（周年后修复）,100,80,10,100,0,4,57,IOP X3外骨骼,10.366,0.118,66739,6918
009 日常（周年后修复）,100,80,10,100,0,5,40,IOP T4外骨骼,2.390,0.059,66739,1595
009 日常（周年后修复）,100,80,10,100,0,5,58,IOP X4外骨骼,2.394,0.059,66739,1598
009 日常（周年后修复）,100,80,10,100,1,2,1,BM 3-12X40,0.465,0.028,59830,278
009 日常（周年后修复）,100,80,10,100,1,2,5,EOT 506,0.475,0.028,59830,284
009 日常（周年后修复）,100,80,10,100,1,2,9,AMP COMPM2,0.515,0.029,59830,308
009 日常（周年后修复）,100,80,10,100,1,2,13,PEQ-2,0.521,0.029,59830,312
009 日常（周年后修复）,100,80,10,100,1,2,37,IOP T1外骨骼,16.751,0.153,59830,10022
009 日常（周年后修复）,100,80,10,100,1,2,55,IOP X1外骨骼,16.878,0.153,59830,10098
009 日常（周年后修复）,100,80,10,100,1,2,63,AC1消音器,0.867,0.038,59830,519
009 日常（周年后修复）,100,80,10,100,1,2,87,破旧披风,0.664,0.033,59830,397
009 日常（周年后修复）,100,80,10,100,1,3,2,LRA 2-12x50,0.391,0.026,59830,234
009 日常（周年后修复）,100,80,10,100,1,3,6,EOT 512,0.445,0.027,59830,266
009 日常（周年后修复）,100,80,10,100,1,3,10,AMP COMPM4,0.383,0.025,59830,229
009 日常（周年后修复）,100,80,10,100,1,3,14,PEQ-5,0.425,0.027,59830,254
009 日常（周年后修复）,100,80,10,100,1,3,18,M993穿甲弹,0.002,0.002,59830,1
009 日常（周年后修复）,100,80,10,100,1,3,38,IOP T2外骨骼,15.163,0.147,59830,9072
009 日常（周年后修复）,100,80,10,100,1,3,42,Type1防弹插板,1.401,0.048,59830,838
009 日常（周年后修复）,100,80,10,100,1,3,56,IOP X2外骨骼,15.131,0.147,59830,9053
009 日常（周年后修复）,100,80,10,100,1,3,64,AC2消音器,0.872,0.038,59830,522
009 日常（周年后修复）,100,80,10,100,1,3,70,ILM空尖弹,0.002,0.002,59830,1
009 日常（周年后修复）,100,80,10,100,1,3,74,#0猎鹿弹,0.002,0.002,59830,1
009 日常（周年后修复）,100,80,10,100,1,3,88,伪装披风,0.577,0.031,59830,345
009 日常（周年后修复）,100,80,10,100,1,3,222,RMR红点,1.595,0.051,59830,954
009 日常（周年后修复）,100,80,10,100,1,3,232,试制运算芯片,1.026,0.041,59830,614
009 日常（周年后修复）,100,80,10,100,1,3,312,HD50脚架,0.002,0.002,59830,1
009 日常（周年后修复）,100,80,10,100,1,4,3,PSO-1,0.234,0.020,59830,140
009 日常（周年后修复）,100,80,10,100,1,4,7,EOT 516,0.239,0.020,59830,143
009 日常（周年后修复）,100,80,10,100,1,4,11,COG M150,0.259,0.021,59830,155
009 日常（周年后修复）,100,80,10,100,1,4,15,PEQ-15,0.202,0.018,59830,121
009 日常（周年后修复）,100,80,10,100,1,4,39,IOP T3外骨骼,8.583,0.115,59830,5135
009 日常（周年后修复）,100,80,10,100,1,4,43,Type2防弹插板,0.722,0.035,59830,432
009 日常（周年后修复）,100,80,10,100,1,4,57,IOP X3外骨骼,8.302,0.113,59830,4967
009 日常（周年后修复）,100,80,10,100,1,4,65,AC3消音器,0.445,0.027,59830,266
009 日常（周年后修复）,100,80,10,100,1,4,67,IOP大容量弹链箱,0.002,0.002,59830,1
009 日常（周年后修复）,100,80,10,100,1,4,89,城市迷彩披风,0.286,0.022,59830,171
009 日常（周年后修复）,100,80,10,100,1,4,223,RMR T2红点,0.862,0.038,59830,516
009 日常（周年后修复）,100,80,10,100,1,4,230,#6鸟弹,0.002,0.002,59830,1
009 日常（周年后修复）,100,80,10,100,1,4,233,#1运算芯片,0.506,0.029,59830,303
009 日常（周年后修复）,100,80,10,100,1,5,4,VFL 6-24X56,0.040,0.008,59830,24
009 日常（周年后修复）,100,80,10,100,1,5,8,EOT 518,0.070,0.011,59830,42
009 日常（周年后修复）,100,80,10,100,1,5,12,ITI MARS,0.047,0.009,59830,28
009 日常（周年后修复）,100,80,10,100,1,5,16,PEQ-16A,0.057,0.010,59830,34
009 日常（周年后修复）,100,80,10,100,1,5,40,IOP T4外骨骼,1.813,0.055,59830,1085
009 日常（周年后修复）,100,80,10,100,1,5,44,Type3防弹插板,0.147,0.016,59830,88
009 日常（周年后修复）,100,80,10,100,1,5,58,IOP X4外骨骼,1.802,0.054,59830,1078
009 日常（周年后修复）,100,80,10,100,1,5,66,AC4消音器,0.181,0.017,59830,108
009 日常（周年后修复）,100,80,10,100,1,5,90,热光学迷彩披风,0.072,0.011,59830,43
009 日常（周年后修复）,100,80,10,100,1,5,224,RMR T4红点,0.217,0.019,59830,130
009 日常（周年后修复）,100,80,10,100,1,5,234,#2运算芯片,0.150,0.016,59830,90
009 日常（周年后修复）,100,80,10,100,1,5,305,SF武器灯改,0.062,0.010,59830,37
009 日常（周年后修复）,100,80,10,100,1,5,309,专注芯片,0.149,0.016,59830,89
009 日常（周年后修复）,100,250,150,170,0,4,310,M1050 LRF,91.942,0.162,28071,25809
009 日常（周年后修复）,100,250,150,170,0,5,311,M200X LRF,8.058,0.162,28071,2262
009 日常（周年后修复）,100,250,150,170,1,2,1,BM 3-12X40,1.487,0.108,12647,188
009 日常（周年后修复）,100,250,150,170,1,2,5,EOT 506,1.320,0.102,12647,167
009 日常（周年后修复）,100,250,150,170,1,2,9,AMP COMPM2,1.313,0.101,12647,166
009 日常（周年后修复）,100,250,150,170,1,2,13,PEQ-2,1.487,0.108,12647,188
009 日常（周年后修复）,100,250,150,170,1,2,17,M61穿甲弹,3.479,0.163,12647,440
009 日常（周年后修复）,100,250,150,170,1,2,29,FMJ高速弹,4.689,0.188,12647,593
009 日常（周年后修复）,100,250,150,170,1,2,37,IOP T1外骨骼,1.083,0.092,12647,137
009 日常（周年后修复）,100,250,150,170,1,2,55,IOP X1外骨骼,1.463,0.107,12647,185
009 日常（周年后修复）,100,250,150,170,1,2,63,AC1消音器,1.795,0.118,12647,227
009 日常（周年后修复）,100,250,150,170,1,2,69,ILM空尖弹,2.475,0.138,12647,313
009 日常（周年后修复）,100,250,150,170,1,2,73,#1猎鹿弹,3.353,0.160,12647,424
009 日常（周年后修复）,100,250,150,170,1,2,77,BK独头弹,3.487,0.163,12647,441
009 日常（周年后修复）,100,250,150,170,1,2,87,破旧披风,2.420,0.137,12647,306
009 日常（周年后修复）,100,250,150,170,1,3,2,LRA 2-12x50,0.957,0.087,12647,121
009 日常（周年后修复）,100,250,150,170,1,3,6,EOT 512,0.783,0.078,12647,99
009 日常（周年后修复）,100,250,150,170,1,3,10,AMP COMPM4,0.886,0.083,12647,112
009 日常（周年后修复）,100,250,150,170,1,3,14,PEQ-5,0.783,0.078,12647,99
009 日常（周年后修复）,100,250,150,170,1,3,18,M993穿甲弹,2.435,0.137,12647,308
009 日常（周年后修复）,100,250,150,170,1,3,30,JSP高速弹,3.218,0.157,12647,407
009 日常（周年后修复）,100,250,150,170,1,3,38,IOP T2外骨骼,0.640,0.071,12647,81
009 日常（周年后修复）,100,250,150,170,1,3,42,Type1防弹插板,2.008,0.125,12647,254
009 日常（周年后修复）,100,250,150,170,1,3,56,IOP X2外骨骼,0.814,0.080,12647,103
009 日常（周年后修复）,100,250,150,170,1,3,64,AC2消音器,1.131,0.094,12647,143
009 日常（周年后修复）,100,250,150,170,1,3,70,ILM空尖弹,1.842,0.120,12647,233
009 日常（周年后修复）,100,250,150,170,1,3,74,#0猎鹿弹,2.174,0.130,12647,275
009 日常（周年后修复）,100,250,150,170,1,3,78,FST独头弹,2.443,0.137,12647,309
009 日常（周年后修复）,100,250,150,170,1,3,88,伪装披风,1.289,0.100,12647,163
009 日常（周年后修复）,100,250,150,170,1,3,222,RMR红点,2.427,0.137,12647,307
009 日常（周年后修复）,100,250,150,170,1,3,232,试制运算芯片,1.558,0.110,12647,197
009 日常（周年后修复）,100,250,150,170,1,3,306,Mk3喉缩管,3.115,0.154,12647,394
009 日常（周年后修复）,100,250,150,170,1,4,3,PSO-1,0.277,0.047,12647,35
009 日常（周年后修复）,100,250,150,170,1,4,7,EOT 516,0.213,0.041,12647,27
009 日常（周年后修复）,100,250,150,170,1,4,11,COG M150,0.253,0.045,12647,32
009 日常（周年后修复）,100,250,150,170,1,4,15,PEQ-15,0.245,0.044,12647,31
009 日常（周年后修复）,100,250,150,170,1,4,19,Mk169穿甲弹,0.498,0.063,12647,63
009 日常（周年后修复）,100,250,150,170,1,4,31,JHP高速弹,0.807,0.080,12647,102
009 日常（周年后修复）,100,250,150,170,1,4,39,IOP T3外骨骼,0.166,0.036,12647,21
009 日常（周年后修复）,100,250,150,170,1,4,43,Type2防弹插板,0.451,0.060,12647,57
009 日常（周年后修复）,100,250,150,170,1,4,57,IOP X3外骨骼,0.277,0.047,12647,35
009 日常（周年后修复）,100,250,150,170,1,4,65,AC3消音器,0.269,0.046,12647,34
009 日常（周年后修复）,100,250,150,170,1,4,67,IOP大容量弹链箱,0.356,0.053,12647,45
009 日常（周年后修复）,100,250,150,170,1,4,71,ILM空尖弹,0.324,0.051,12647,41
009 日常（周年后修复）,100,250,150,170,1,4,75,#00猎鹿弹,0.577,0.067,12647,73
009 日常（周年后修复）,100,250,150,170,1,4,79,WAD独头弹,0.467,0.061,12647,59
009 日常（周年后修复）,100,250,150,170,1,4,89,城市迷彩披风,0.387,0.055,12647,49
009 日常（周年后修复）,100,250,150,170,1,4,223,RMR T2红点,0.490,0.062,12647,62
009 日常（周年后修复）,100,250,150,170,1,4,226,M33狙击弹,0.522,0.064,12647,66
009 日常（周年后修复）,100,250,150,170,1,4,228,Mk900SLAP,0.308,0.049,12647,39
009 日常（周年后修复）,100,250,150,170,1,4,230,#6鸟弹,0.577,0.067,12647,73
009 日常（周年后修复）,100,250,150,170,1,4,233,#1运算芯片,0.356,0.053,12647,45
009 日常（周年后修复）,100,250,150,170,1,4,307,Mk4喉缩管,0.862,0.082,12647,109
009 日常（周年后修复）,100,250,150,170,1,4,310,M1050 LRF,25.223,0.386,12647,3190
009 日常（周年后修复）,100,250,150,170,1,5,4,VFL 6-24X56,0.032,0.016,12647,4
009 日常（周年后修复）,100,250,150,170,1,5,8,EOT 518,0.063,0.022,12647,8
009 日常（周年后修复）,100,250,150,170,1,5,12,ITI MARS,0.063,0.022,12647,8
009 日常（周年后修复）,100,250,150,170,1,5,16,PEQ-16A,0.055,0.021,12647,7
009 日常（周年后修复）,100,250,150,170,1,5,20,Mk211高爆穿甲弹,0.103,0.028,12647,13
009 日常（周年后修复）,100,250,150,170,1,5,32,APCR高速弹,0.190,0.039,12647,24
009 日常（周年后修复）,100,250,150,170,1,5,40,IOP T4外骨骼,0.032,0.016,12647,4
009 日常（周年后修复）,100,250,150,170,1,5,44,Type3防弹插板,0.055,0.021,12647,7
009 日常（周年后修复）,100,250,150,170,1,5,58,IOP X4外骨骼,0.040,0.018,12647,5
009 日常（周年后修复）,100,250,150,170,1,5,66,AC4消音器,0.095,0.027,12647,12
009 日常（周年后修复）,100,250,150,170,1,5,68,IOP极限弹链箱,0.095,0.027,12647,12
009 日常（周年后修复）,100,250,150,170,1,5,72,ILM空尖弹,0.119,0.031,12647,15
009 日常（周年后修复）,100,250,150,170,1,5,76,#000猎鹿弹,0.150,0.034,12647,19
009 日常（周年后修复）,100,250,150,170,1,5,80,SABOT独头弹,0.119,0.031,12647,15
009 日常（周年后修复）,100,250,150,170,1,5,90,热光学迷彩披风,0.095,0.027,12647,12
009 日常（周年后修复）,100,250,150,170,1,5,224,RMR T4红点,0.134,0.033,12647,17
009 日常（周年后修复）,100,250,150,170,1,5,225,信号弹,0.032,0.016,12647,4
009 日常（周年后修复）,100,250,150,170,1,5,227,M1022狙击弹,0.071,0.024,12647,9
009 日常（周年后修复）,100,250,150,170,1,5,229,Mk1000SLAP,0.047,0.019,12647,6
009 日常（周年后修复）,100,250,150,170,1,5,231,#7.5鸟弹,0.079,0.025,12647,10
009 日常（周年后修复）,100,250,150,170,1,5,234,#2运算芯片,0.047,0.019,12647,6
009 日常（周年后修复）,100,250,150,170,1,5,235,霰弹用闪光弹,0.032,0.016,12647,4
009 日常（周年后修复）,100,250,150,170,1,5,305,SF武器灯改,0.079,0.025,12647,10
009 日常（周年后修复）,100,250,150,170,1,5,308,Mk0多用途喉缩管,0.166,0.036,12647,21
009 日常（周年后修复）,100,250,150,170,1,5,309,专注芯片,0.079,0.025,12647,10
009 日常（周年后修复）,100,250,150,170,1,5,311,M200X LRF,5.669,0.206,12647,717
009 日常（周年后修复）,110,110,110,110,1,2,1,BM 3-12X40,2.149,0.232,3909,84
009 日常（周年后修复）,110,110,110,110,1,2,5,EOT 506,1.893,0.218,3909,74
009 日常（周年后修复）,110,110,110,110,1,2,9,AMP COMPM2,1.561,0.198,3909,61
009 日常（周年后修复）,110,110,110,110,1,2,13,PEQ-2,1.586,0.200,3909,62
009 日常（周年后修复）,110,110,110,110,1,2,17,M61穿甲弹,5.884,0.376,3909,230
009 日常（周年后修复）,110,110,110,110,1,2,29,FMJ高速弹,4.016,0.314,3909,157
009 日常（周年后修复）,110,110,110,110,1,2,37,IOP T1外骨骼,2.507,0.250,3909,98
009 日常（周年后修复）,110,110,110,110,1,2,55,IOP X1外骨骼,1.995,0.224,3909,78
009 日常（周年后修复）,110,110,110,110,1,2,63,AC1消音器,1.765,0.211,3909,69
009 日常（周年后修复）,110,110,110,110,1,2,69,ILM空尖弹,2.354,0.242,3909,92
009 日常（周年后修复）,110,110,110,110,1,2,73,#1猎鹿弹,3.274,0.285,3909,128
009 日常（周年后修复）,110,110,110,110,1,2,77,BK独头弹,3.607,0.298,3909,141
009 日常（周年后修复）,110,110,110,110,1,2,87,破旧披风,1.970,0.222,3909,77
009 日常（周年后修复）,110,110,110,110,1,3,2,LRA 2-12x50,1.074,0.165,3909,42
009 日常（周年后修复）,110,110,110,110,1,3,6,EOT 512,1.305,0.181,3909,51
009 日常（周年后修复）,110,110,110,110,1,3,10,AMP COMPM4,1.151,0.171,3909,45
009 日常（周年后修复）,110,110,110,110,1,3,14,PEQ-5,1.305,0.181,3909,51
009 日常（周年后修复）,110,110,110,110,1,3,18,M993穿甲弹,4.272,0.323,3909,167
009 日常（周年后修复）,110,110,110,110,1,3,30,JSP高速弹,2.763,0.262,3909,108
009 日常（周年后修复）,110,110,110,110,1,3,38,IOP T2外骨骼,1.688,0.206,3909,66
009 日常（周年后修复）,110,110,110,110,1,3,42,Type1防弹插板,4.170,0.320,3909,163
009 日常（周年后修复）,110,110,110,110,1,3,56,IOP X2外骨骼,1.714,0.208,3909,67
009 日常（周年后修复）,110,110,110,110,1,3,64,AC2消音器,1.816,0.214,3909,71
009 日常（周年后修复）,110,110,110,110,1,3,70,ILM空尖弹,2.302,0.240,3909,90
009 日常（周年后修复）,110,110,110,110,1,3,74,#0猎鹿弹,2.456,0.248,3909,96
009 日常（周年后修复）,110,110,110,110,1,3,78,FST独头弹,2.251,0.237,3909,88
009 日常（周年后修复）,110,110,110,110,1,3,88,伪装披风,1.586,0.200,3909,62
009 日常（周年后修复）,110,110,110,110,1,3,222,RMR红点,3.198,0.281,3909,125
009 日常（周年后修复）,110,110,110,110,1,3,232,试制运算芯片,2.251,0.237,3909,88
009 日常（周年后修复）,110,110,110,110,1,4,3,PSO-1,0.691,0.132,3909,27
009 日常（周年后修复）,110,110,110,110,1,4,7,EOT 516,0.691,0.132,3909,27
009 日常（周年后修复）,110,110,110,110,1,4,11,COG M150,0.716,0.135,3909,28
009 日常（周年后修复）,110,110,110,110,1,4,15,PEQ-15,0.486,0.111,3909,19
009 日常（周年后修复）,110,110,110,110,1,4,19,Mk169穿甲弹,1.867,0.216,3909,73
009 日常（周年后修复）,110,110,110,110,1,4,31,JHP高速弹,1.561,0.198,3909,61
009 日常（周年后修复）,110,110,110,110,1,4,39,IOP T3外骨骼,0.895,0.151,3909,35
009 日常（周年后修复）,110,110,110,110,1,4,43,Type2防弹插板,2.251,0.237,3909,88
009 日常（周年后修复）,110,110,110,110,1,4,57,IOP X3外骨骼,0.793,0.142,3909,31
009 日常（周年后修复）,110,110,110,110,1,4,65,AC3消音器,1.023,0.161,3909,40
009 日常（周年后修复）,110,110,110,110,1,4,71,ILM空尖弹,1.177,0.172,3909,46
009 日常（周年后修复）,110,110,110,110,1,4,75,#00猎鹿弹,1.535,0.197,3909,60
009 日常（周年后修复）,110,110,110,110,1,4,79,WAD独头弹,1.612,0.201,3909,63
009 日常（周年后修复）,110,110,110,110,1,4,89,城市迷彩披风,0.921,0.153,3909,36
009 日常（周年后修复）,110,110,110,110,1,4,223,RMR T2红点,1.586,0.200,3909,62
009 日常（周年后修复）,110,110,110,110,1,4,226,M33狙击弹,2.481,0.249,3909,97
009 日常（周年后修复）,110,110,110,110,1,4,228,Mk900SLAP,0.588,0.122,3909,23
009 日常（周年后修复）,110,110,110,110,1,4,230,#6鸟弹,1.228,0.176,3909,48
009 日常（周年后修复）,110,110,110,110,1,4,233,#1运算芯片,1.433,0.190,3909,56
009 日常（周年后修复）,110,110,110,110,1,4,310,M1050 LRF,1.458,0.192,3909,57
009 日常（周年后修复）,110,110,110,110,1,5,4,VFL 6-24X56,0.128,0.057,3909,5
009 日常（周年后修复）,110,110,110,110,1,5,8,EOT 518,0.102,0.051,3909,4
009 日常（周年后修复）,110,110,110,110,1,5,12,ITI MARS,0.102,0.051,3909,4
009 日常（周年后修复）,110,110,110,110,1,5,16,PEQ-16A,0.051,0.036,3909,2
009 日常（周年后修复）,110,110,110,110,1,5,20,Mk211高爆穿甲弹,0.537,0.117,3909,21
009 日常（周年后修复）,110,110,110,110,1,5,32,APCR高速弹,0.230,0.077,3909,9
009 日常（周年后修复）,110,110,110,110,1,5,40,IOP T4外骨骼,0.179,0.068,3909,7
009 日常（周年后修复）,110,110,110,110,1,5,44,Type3防弹插板,0.256,0.081,3909,10
009 日常（周年后修复）,110,110,110,110,1,5,58,IOP X4外骨骼,0.128,0.057,3909,5
009 日常（周年后修复）,110,110,110,110,1,5,66,AC4消音器,0.230,0.077,3909,9
009 日常（周年后修复）,110,110,110,110,1,5,72,ILM空尖弹,0.077,0.044,3909,3
009 日常（周年后修复）,110,110,110,110,1,5,76,#000猎鹿弹,0.230,0.077,3909,9
009 日常（周年后修复）,110,110,110,110,1,5,80,SABOT独头弹,0.281,0.085,3909,11
009 日常（周年后修复）,110,110,110,110,1,5,90,热光学迷彩披风,0.281,0.085,3909,11
009 日常（周年后修复）,110,110,110,110,1,5,224,RMR T4红点,0.460,0.108,3909,18
009 日常（周年后修复）,110,110,110,110,1,5,225,信号弹,0.077,0.044,3909,3
009 日常（周年后修复）,110,110,110,110,1,5,227,M1022狙击弹,0.358,0.096,3909,14
009 日常（周年后修复）,110,110,110,110,1,5,229,Mk1000SLAP,0.077,0.044,3909,3
009 日常（周年后修复）,110,110,110,110,1,5,231,#7.5鸟弹,0.230,0.077,3909,9
009 日常（周年后修复）,110,110,110,110,1,5,234,#2运算芯片,0.179,0.068,3909,7
009 日常（周年后修复）,110,110,110,110,1,5,235,霰弹用闪光弹,0.128,0.057,3909,5
009 日常（周年后修复）,110,110,110,110,1,5,305,SF武器灯改,0.153,0.063,3909,6
009 日常（周年后修复）,110,110,110,110,1,5,309,专注芯片,0.205,0.072,3909,8
009 日常（周年后修复）,110,110,110,110,1,5,311,M200X LRF,0.460,0.108,3909,18
009 日常（周年后修复）,120,92,60,152,1,2,1,BM 3-12X40,2.696,0.355,2077,56
009 日常（周年后修复）,120,92,60,152,1,2,5,EOT 506,3.226,0.388,2077,67
009 日常（周年后修复）,120,92,60,152,1,2,9,AMP COMPM2,4.285,0.444,2077,89
009 日常（周年后修复）,120,92,60,152,1,2,13,PEQ-2,3.467,0.401,2077,72
009 日常（周年后修复）,120,92,60,152,1,2,37,IOP T1外骨骼,5.007,0.478,2077,104
009 日常（周年后修复）,120,92,60,152,1,2,55,IOP X1外骨骼,4.766,0.467,2077,99
009 日常（周年后修复）,120,92,60,152,1,2,63,AC1消音器,6.259,0.531,2077,130
009 日常（周年后修复）,120,92,60,152,1,2,87,破旧披风,4.574,0.458,2077,95
009 日常（周年后修复）,120,92,60,152,1,3,2,LRA 2-12x50,1.878,0.298,2077,39
009 日常（周年后修复）,120,92,60,152,1,3,6,EOT 512,1.589,0.274,2077,33
009 日常（周年后修复）,120,92,60,152,1,3,10,AMP COMPM4,1.926,0.301,2077,40
009 日常（周年后修复）,120,92,60,152,1,3,14,PEQ-5,1.830,0.294,2077,38
009 日常（周年后修复）,120,92,60,152,1,3,38,IOP T2外骨骼,2.118,0.316,2077,44
009 日常（周年后修复）,120,92,60,152,1,3,42,Type1防弹插板,4.478,0.454,2077,93
009 日常（周年后修复）,120,92,60,152,1,3,56,IOP X2外骨骼,2.648,0.352,2077,55
009 日常（周年后修复）,120,92,60,152,1,3,64,AC2消音器,2.889,0.367,2077,60
009 日常（周年后修复）,120,92,60,152,1,3,88,伪装披风,2.215,0.323,2077,46
009 日常（周年后修复）,120,92,60,152,1,3,222,RMR红点,6.692,0.548,2077,139
009 日常（周年后修复）,120,92,60,152,1,3,232,试制运算芯片,4.429,0.451,2077,92
009 日常（周年后修复）,120,92,60,152,1,4,3,PSO-1,1.156,0.234,2077,24
009 日常（周年后修复）,120,92,60,152,1,4,7,EOT 516,1.300,0.248,2077,27
009 日常（周年后修复）,120,92,60,152,1,4,11,COG M150,1.878,0.298,2077,39
009 日常（周年后修复）,120,92,60,152,1,4,15,PEQ-15,1.493,0.266,2077,31
009 日常（周年后修复）,120,92,60,152,1,4,39,IOP T3外骨骼,1.637,0.278,2077,34
009 日常（周年后修复）,120,92,60,152,1,4,43,Type2防弹插板,3.467,0.401,2077,72
009 日常（周年后修复）,120,92,60,152,1,4,57,IOP X3外骨骼,1.637,0.278,2077,34
009 日常（周年后修复）,120,92,60,152,1,4,65,AC3消音器,2.215,0.323,2077,46
009 日常（周年后修复）,120,92,60,152,1,4,67,IOP大容量弹链箱,2.215,0.323,2077,46
009 日常（周年后修复）,120,92,60,152,1,4,89,城市迷彩披风,1.926,0.301,2077,40
009 日常（周年后修复）,120,92,60,152,1,4,223,RMR T2红点,5.344,0.493,2077,111
009 日常（周年后修复）,120,92,60,152,1,4,233,#1运算芯片,2.841,0.364,2077,59
009 日常（周年后修复）,120,92,60,152,1,5,4,VFL 6-24X56,0.193,0.096,2077,4
009 日常（周年后修复）,120,92,60,152,1,5,8,EOT 518,0.241,0.108,2077,5
009 日常（周年后修复）,120,92,60,152,1,5,12,ITI MARS,0.289,0.118,2077,6
009 日常（周年后修复）,120,92,60,152,1,5,16,PEQ-16A,0.289,0.118,2077,6
009 日常（周年后修复）,120,92,60,152,1,5,40,IOP T4外骨骼,0.578,0.166,2077,12
009 日常（周年后修复）,120,92,60,152,1,5,44,Type3防弹插板,0.481,0.152,2077,10
009 日常（周年后修复）,120,92,60,152,1,5,58,IOP X4外骨骼,0.433,0.144,2077,9
009 日常（周年后修复）,120,92,60,152,1,5,66,AC4消音器,0.963,0.214,2077,20
009 日常（周年后修复）,120,92,60,152,1,5,68,IOP极限弹链箱,0.289,0.118,2077,6
009 日常（周年后修复）,120,92,60,152,1,5,90,热光学迷彩披风,0.096,0.068,2077,2
009 日常（周年后修复）,120,92,60,152,1,5,224,RMR T4红点,0.770,0.192,2077,16
009 日常（周年后修复）,120,92,60,152,1,5,234,#2运算芯片,0.578,0.166,2077,12
009 日常（周年后修复）,120,92,60,152,1,5,305,SF武器灯改,0.289,0.118,2077,6
009 日常（周年后修复）,120,92,60,152,1,5,309,专注芯片,0.433,0.144,2077,9
009 日常（周年后修复）,140,10,110,10,0,2,1,BM 3-12X40,26.882,0.154,83315,22397
009 日常（周年后修复）,140,10,110,10,0,2,5,EOT 506,8.168,0.095,83315,6805
009 日常（周年后修复）,140,10,110,10,0,2,9,AMP COMPM2,5.881,0.082,83315,4900
009 日常（周年后修复）,140,10,110,10,0,3,2,LRA 2-12x50,26.880,0.154,83315,22395
009 日常（周年后修复）,140,10,110,10,0,3,6,EOT 512,8.061,0.094,83315,6716
009 日常（周年后修复）,140,10,110,10,0,3,10,AMP COMPM4,5.986,0.082,83315,4987
009 日常（周年后修复）,140,10,110,10,0,4,3,PSO-1,9.686,0.102,83315,8070
009 日常（周年后修复）,140,10,110,10,0,4,7,EOT 516,2.887,0.058,83315,2405
009 日常（周年后修复）,140,10,110,10,0,4,11,COG M150,2.094,0.050,83315,1745
009 日常（周年后修复）,140,10,110,10,0,5,4,VFL 6-24X56,2.244,0.051,83315,1870
009 日常（周年后修复）,140,10,110,10,0,5,8,EOT 518,0.727,0.029,83315,606
009 日常（周年后修复）,140,10,110,10,0,5,12,ITI MARS,0.503,0.025,83315,419
009 日常（周年后修复）,140,10,110,10,1,2,1,BM 3-12X40,13.085,0.122,76509,10011
009 日常（周年后修复）,140,10,110,10,1,2,5,EOT 506,12.832,0.121,76509,9818
009 日常（周年后修复）,140,10,110,10,1,2,9,AMP COMPM2,12.959,0.121,76509,9915
009 日常（周年后修复）,140,10,110,10,1,2,13,PEQ-2,0.451,0.024,76509,345
009 日常（周年后修复）,140,10,110,10,1,2,29,FMJ高速弹,0.001,0.001,76509,1
009 日常（周年后修复）,140,10,110,10,1,2,37,IOP T1外骨骼,0.129,0.013,76509,99
009 日常（周年后修复）,140,10,110,10,1,2,55,IOP X1外骨骼,0.115,0.012,76509,88
009 日常（周年后修复）,140,10,110,10,1,2,63,AC1消音器,0.440,0.024,76509,337
009 日常（周年后修复）,140,10,110,10,1,2,69,ILM空尖弹,0.001,0.001,76509,1
009 日常（周年后修复）,140,10,110,10,1,2,87,破旧披风,0.732,0.031,76509,560
009 日常（周年后修复）,140,10,110,10,1,3,2,LRA 2-12x50,12.349,0.119,76509,9448
009 日常（周年后修复）,140,10,110,10,1,3,6,EOT 512,12.614,0.120,76509,9651
009 日常（周年后修复）,140,10,110,10,1,3,10,AMP COMPM4,12.776,0.121,76509,9775
009 日常（周年后修复）,140,10,110,10,1,3,14,PEQ-5,0.488,0.025,76509,373
009 日常（周年后修复）,140,10,110,10,1,3,38,IOP T2外骨骼,0.101,0.011,76509,77
009 日常（周年后修复）,140,10,110,10,1,3,42,Type1防弹插板,0.226,0.017,76509,173
009 日常（周年后修复）,140,10,110,10,1,3,56,IOP X2外骨骼,0.097,0.011,76509,74
009 日常（周年后修复）,140,10,110,10,1,3,64,AC2消音器,0.389,0.023,76509,298
009 日常（周年后修复）,140,10,110,10,1,3,70,ILM空尖弹,0.003,0.002,76509,2
009 日常（周年后修复）,140,10,110,10,1,3,88,伪装披风,0.827,0.033,76509,633
009 日常（周年后修复）,140,10,110,10,1,3,222,RMR红点,0.586,0.028,76509,448
009 日常（周年后修复）,140,10,110,10,1,3,232,试制运算芯片,0.397,0.023,76509,304
009 日常（周年后修复）,140,10,110,10,1,3,306,Mk3喉缩管,0.001,0.001,76509,1
009 日常（周年后修复）,140,10,110,10,1,3,312,HD50脚架,0.001,0.001,76509,1
009 日常（周年后修复）,140,10,110,10,1,4,3,PSO-1,4.601,0.076,76509,3520
009 日常（周年后修复）,140,10,110,10,1,4,7,EOT 516,4.498,0.075,76509,3441
009 日常（周年后修复）,140,10,110,10,1,4,11,COG M150,4.690,0.076,76509,3588
009 日常（周年后修复）,140,10,110,10,1,4,15,PEQ-15,0.171,0.015,76509,131
009 日常（周年后修复）,140,10,110,10,1,4,39,IOP T3外骨骼,0.038,0.007,76509,29
009 日常（周年后修复）,140,10,110,10,1,4,43,Type2防弹插板,0.103,0.012,76509,79
009 日常（周年后修复）,140,10,110,10,1,4,57,IOP X3外骨骼,0.026,0.006,76509,20
009 日常（周年后修复）,140,10,110,10,1,4,65,AC3消音器,0.156,0.014,76509,119
009 日常（周年后修复）,140,10,110,10,1,4,67,IOP大容量弹链箱,0.001,0.001,76509,1
009 日常（周年后修复）,140,10,110,10,1,4,89,城市迷彩披风,0.257,0.018,76509,197
009 日常（周年后修复）,140,10,110,10,1,4,223,RMR T2红点,0.214,0.017,76509,164
009 日常（周年后修复）,140,10,110,10,1,4,233,#1运算芯片,0.131,0.013,76509,100
009 日常（周年后修复）,140,10,110,10,1,5,4,VFL 6-24X56,0.986,0.036,76509,754
009 日常（周年后修复）,140,10,110,10,1,5,8,EOT 518,1.064,0.037,76509,814
009 日常（周年后修复）,140,10,110,10,1,5,12,ITI MARS,1.106,0.038,76509,846
009 日常（周年后修复）,140,10,110,10,1,5,16,PEQ-16A,0.033,0.007,76509,25
009 日常（周年后修复）,140,10,110,10,1,5,40,IOP T4外骨骼,0.004,0.002,76509,3
009 日常（周年后修复）,140,10,110,10,1,5,44,Type3防弹插板,0.024,0.006,76509,18
009 日常（周年后修复）,140,10,110,10,1,5,58,IOP X4外骨骼,0.010,0.004,76509,8
009 日常（周年后修复）,140,10,110,10,1,5,66,AC4消音器,0.060,0.009,76509,46
009 日常（周年后修复）,140,10,110,10,1,5,90,热光学迷彩披风,0.071,0.010,76509,54
009 日常（周年后修复）,140,10,110,10,1,5,224,RMR T4红点,0.050,0.008,76509,38
009 日常（周年后修复）,140,10,110,10,1,5,234,#2运算芯片,0.027,0.006,76509,21
009 日常（周年后修复）,140,10,110,10,1,5,305,SF武器灯改,0.038,0.007,76509,29
009 日常（周年后修复）,140,10,110,10,1,5,309,专注芯片,0.041,0.007,76509,31
009 日常（周年后修复）,150,50,50,50,0,2,63,AC1消音器,38.606,0.304,25703,9923
009 日常（周年后修复）,150,50,50,50,0,3,64,AC2消音器,39.591,0.305,25703,10176
009 日常（周年后修复）,150,50,50,50,0,4,65,AC3消音器,18.041,0.240,25703,4637
009 日常（周年后修复）,150,50,50,50,0,5,66,AC4消音器,3.762,0.119,25703,967
009 日常（周年后修复）,150,50,50,50,1,2,1,BM 3-12X40,0.963,0.070,19528,188
009 日常（周年后修复）,150,50,50,50,1,2,5,EOT 506,0.952,0.070,19528,186
009 日常（周年后修复）,150,50,50,50,1,2,9,AMP COMPM2,0.896,0.067,19528,175
009 日常（周年后修复）,150,50,50,50,1,2,13,PEQ-2,0.748,0.062,19528,146
009 日常（周年后修复）,150,50,50,50,1,2,17,M61穿甲弹,0.005,0.005,19528,1
009 日常（周年后修复）,150,50,50,50,1,2,29,FMJ高速弹,0.005,0.005,19528,1
009 日常（周年后修复）,150,50,50,50,1,2,37,IOP T1外骨骼,0.522,0.052,19528,102
009 日常（周年后修复）,150,50,50,50,1,2,55,IOP X1外骨骼,0.364,0.043,19528,71
009 日常（周年后修复）,150,50,50,50,1,2,63,AC1消音器,33.352,0.337,19528,6513
009 日常（周年后修复）,150,50,50,50,1,2,87,破旧披风,1.111,0.075,19528,217
009 日常（周年后修复）,150,50,50,50,1,3,2,LRA 2-12x50,0.691,0.059,19528,135
009 日常（周年后修复）,150,50,50,50,1,3,6,EOT 512,0.860,0.066,19528,168
009 日常（周年后修复）,150,50,50,50,1,3,10,AMP COMPM4,0.835,0.065,19528,163
009 日常（周年后修复）,150,50,50,50,1,3,14,PEQ-5,0.676,0.059,19528,132
009 日常（周年后修复）,150,50,50,50,1,3,18,M993穿甲弹,0.005,0.005,19528,1
009 日常（周年后修复）,150,50,50,50,1,3,38,IOP T2外骨骼,0.399,0.045,19528,78
009 日常（周年后修复）,150,50,50,50,1,3,42,Type1防弹插板,0.722,0.061,19528,141
009 日常（周年后修复）,150,50,50,50,1,3,56,IOP X2外骨骼,0.271,0.037,19528,53
009 日常（周年后修复）,150,50,50,50,1,3,64,AC2消音器,27.151,0.318,19528,5302
009 日常（周年后修复）,150,50,50,50,1,3,88,伪装披风,0.983,0.071,19528,192
009 日常（周年后修复）,150,50,50,50,1,3,222,RMR红点,3.498,0.131,19528,683
009 日常（周年后修复）,150,50,50,50,1,3,232,试制运算芯片,2.888,0.120,19528,564
009 日常（周年后修复）,150,50,50,50,1,4,3,PSO-1,0.317,0.040,19528,62
009 日常（周年后修复）,150,50,50,50,1,4,7,EOT 516,0.399,0.045,19528,78
009 日常（周年后修复）,150,50,50,50,1,4,11,COG M150,0.425,0.047,19528,83
009 日常（周年后修复）,150,50,50,50,1,4,15,PEQ-15,0.256,0.036,19528,50
009 日常（周年后修复）,150,50,50,50,1,4,39,IOP T3外骨骼,0.154,0.028,19528,30
009 日常（周年后修复）,150,50,50,50,1,4,43,Type2防弹插板,0.399,0.045,19528,78
009 日常（周年后修复）,150,50,50,50,1,4,57,IOP X3外骨骼,0.133,0.026,19528,26
009 日常（周年后修复）,150,50,50,50,1,4,65,AC3消音器,12.597,0.237,19528,2460
009 日常（周年后修复）,150,50,50,50,1,4,89,城市迷彩披风,0.338,0.042,19528,66
009 日常（周年后修复）,150,50,50,50,1,4,223,RMR T2红点,1.623,0.090,19528,317
009 日常（周年后修复）,150,50,50,50,1,4,233,#1运算芯片,1.183,0.077,19528,231
009 日常（周年后修复）,150,50,50,50,1,5,4,VFL 6-24X56,0.072,0.019,19528,14
009 日常（周年后修复）,150,50,50,50,1,5,8,EOT 518,0.046,0.015,19528,9
009 日常（周年后修复）,150,50,50,50,1,5,12,ITI MARS,0.056,0.017,19528,11
009 日常（周年后修复）,150,50,50,50,1,5,16,PEQ-16A,0.036,0.014,19528,7
009 日常（周年后修复）,150,50,50,50,1,5,40,IOP T4外骨骼,0.010,0.007,19528,2
009 日常（周年后修复）,150,50,50,50,1,5,44,Type3防弹插板,0.046,0.015,19528,9
009 日常（周年后修复）,150,50,50,50,1,5,58,IOP X4外骨骼,0.020,0.010,19528,4
009 日常（周年后修复）,150,50,50,50,1,5,66,AC4消音器,3.313,0.128,19528,647
009 日常（周年后修复）,150,50,50,50,1,5,90,热光学迷彩披风,0.056,0.017,19528,11
009 日常（周年后修复）,150,50,50,50,1,5,224,RMR T4红点,0.287,0.038,19528,56
009 日常（周年后修复）,150,50,50,50,1,5,234,#2运算芯片,0.154,0.028,19528,30
009 日常（周年后修复）,150,50,50,50,1,5,305,SF武器灯改,0.026,0.011,19528,5
009 日常（周年后修复）,150,50,50,50,1,5,309,专注芯片,0.154,0.028,19528,30
009 日常（周年后修复）,150,150,150,150,1,2,1,BM 3-12X40,1.510,0.046,70184,1060
009 日常（周年后修复）,150,150,150,150,1,2,5,EOT 506,1.428,0.045,70184,1002
009 日常（周年后修复）,150,150,150,150,1,2,9,AMP COMPM2,1.426,0.045,70184,1001
009 日常（周年后修复）,150,150,150,150,1,2,13,PEQ-2,1.382,0.044,70184,970
009 日常（周年后修复）,150,150,150,150,1,2,17,M61穿甲弹,3.897,0.073,70184,2735
009 日常（周年后修复）,150,150,150,150,1,2,29,FMJ高速弹,3.804,0.072,70184,2670
009 日常（周年后修复）,150,150,150,150,1,2,37,IOP T1外骨骼,1.237,0.042,70184,868
009 日常（周年后修复）,150,150,150,150,1,2,55,IOP X1外骨骼,1.164,0.040,70184,817
009 日常（周年后修复）,150,150,150,150,1,2,63,AC1消音器,2.140,0.055,70184,1502
009 日常（周年后修复）,150,150,150,150,1,2,69,ILM空尖弹,2.737,0.062,70184,1921
009 日常（周年后修复）,150,150,150,150,1,2,73,#1猎鹿弹,3.660,0.071,70184,2569
009 日常（周年后修复）,150,150,150,150,1,2,77,BK独头弹,3.726,0.071,70184,2615
009 日常（周年后修复）,150,150,150,150,1,2,87,破旧披风,2.311,0.057,70184,1622
009 日常（周年后修复）,150,150,150,150,1,3,2,LRA 2-12x50,0.969,0.037,70184,680
009 日常（周年后修复）,150,150,150,150,1,3,6,EOT 512,0.929,0.036,70184,652
009 日常（周年后修复）,150,150,150,150,1,3,10,AMP COMPM4,0.930,0.036,70184,653
009 日常（周年后修复）,150,150,150,150,1,3,14,PEQ-5,0.926,0.036,70184,650
009 日常（周年后修复）,150,150,150,150,1,3,18,M993穿甲弹,2.758,0.062,70184,1936
009 日常（周年后修复）,150,150,150,150,1,3,30,JSP高速弹,2.401,0.058,70184,1685
009 日常（周年后修复）,150,150,150,150,1,3,38,IOP T2外骨骼,0.755,0.033,70184,530
009 日常（周年后修复）,150,150,150,150,1,3,42,Type1防弹插板,1.854,0.051,70184,1301
009 日常（周年后修复）,150,150,150,150,1,3,56,IOP X2外骨骼,0.767,0.033,70184,538
009 日常（周年后修复）,150,150,150,150,1,3,64,AC2消音器,1.262,0.042,70184,886
009 日常（周年后修复）,150,150,150,150,1,3,70,ILM空尖弹,1.896,0.051,70184,1331
009 日常（周年后修复）,150,150,150,150,1,3,74,#0猎鹿弹,2.438,0.058,70184,1711
009 日常（周年后修复）,150,150,150,150,1,3,78,FST独头弹,2.485,0.059,70184,1744
009 日常（周年后修复）,150,150,150,150,1,3,88,伪装披风,1.463,0.045,70184,1027
009 日常（周年后修复）,150,150,150,150,1,3,222,RMR红点,2.649,0.061,70184,1859
009 日常（周年后修复）,150,150,150,150,1,3,232,试制运算芯片,1.804,0.050,70184,1266
009 日常（周年后修复）,150,150,150,150,1,3,306,Mk3喉缩管,2.485,0.059,70184,1744
009 日常（周年后修复）,150,150,150,150,1,3,312,HD50脚架,2.008,0.053,70184,1409
009 日常（周年后修复）,150,150,150,150,1,4,3,PSO-1,0.657,0.030,70184,461
009 日常（周年后修复）,150,150,150,150,1,4,7,EOT 516,0.700,0.031,70184,491
009 日常（周年后修复）,150,150,150,150,1,4,11,COG M150,0.728,0.032,70184,511
009 日常（周年后修复）,150,150,150,150,1,4,15,PEQ-15,0.671,0.031,70184,471
009 日常（周年后修复）,150,150,150,150,1,4,19,Mk169穿甲弹,1.785,0.050,70184,1253
009 日常（周年后修复）,150,150,150,150,1,4,31,JHP高速弹,1.728,0.049,70184,1213
009 日常（周年后修复）,150,150,150,150,1,4,39,IOP T3外骨骼,0.541,0.028,70184,380
009 日常（周年后修复）,150,150,150,150,1,4,43,Type2防弹插板,1.318,0.043,70184,925
009 日常（周年后修复）,150,150,150,150,1,4,57,IOP X3外骨骼,0.506,0.027,70184,355
009 日常（周年后修复）,150,150,150,150,1,4,65,AC3消音器,1.010,0.038,70184,709
009 日常（周年后修复）,150,150,150,150,1,4,67,IOP大容量弹链箱,0.758,0.033,70184,532
009 日常（周年后修复）,150,150,150,150,1,4,71,ILM空尖弹,1.274,0.042,70184,894
009 日常（周年后修复）,150,150,150,150,1,4,75,#00猎鹿弹,1.674,0.048,70184,1175
009 日常（周年后修复）,150,150,150,150,1,4,79,WAD独头弹,1.693,0.049,70184,1188
009 日常（周年后修复）,150,150,150,150,1,4,89,城市迷彩披风,1.056,0.039,70184,741
009 日常（周年后修复）,150,150,150,150,1,4,223,RMR T2红点,1.925,0.052,70184,1351
009 日常（周年后修复）,150,150,150,150,1,4,226,M33狙击弹,1.871,0.051,70184,1313
009 日常（周年后修复）,150,150,150,150,1,4,228,Mk900SLAP,0.594,0.029,70184,417
009 日常（周年后修复）,150,150,150,150,1,4,230,#6鸟弹,1.791,0.050,70184,1257
009 日常（周年后修复）,150,150,150,150,1,4,233,#1运算芯片,1.361,0.044,70184,955
009 日常（周年后修复）,150,150,150,150,1,4,307,Mk4喉缩管,1.730,0.049,70184,1214
009 日常（周年后修复）,150,150,150,150,1,4,310,M1050 LRF,4.636,0.079,70184,3254
009 日常（周年后修复）,150,150,150,150,1,4,313,HD50脚架Mk2,1.352,0.044,70184,949
009 日常（周年后修复）,150,150,150,150,1,5,4,VFL 6-24X56,0.114,0.013,70184,80
009 日常（周年后修复）,150,150,150,150,1,5,8,EOT 518,0.135,0.014,70184,95
009 日常（周年后修复）,150,150,150,150,1,5,12,ITI MARS,0.131,0.014,70184,92
009 日常（周年后修复）,150,150,150,150,1,5,16,PEQ-16A,0.111,0.013,70184,78
009 日常（周年后修复）,150,150,150,150,1,5,20,Mk211高爆穿甲弹,0.365,0.023,70184,256
009 日常（周年后修复）,150,150,150,150,1,5,32,APCR高速弹,0.313,0.021,70184,220
009 日常（周年后修复）,150,150,150,150,1,5,40,IOP T4外骨骼,0.104,0.012,70184,73
009 日常（周年后修复）,150,150,150,150,1,5,44,Type3防弹插板,0.258,0.019,70184,181
009 日常（周年后修复）,150,150,150,150,1,5,58,IOP X4外骨骼,0.108,0.012,70184,76
009 日常（周年后修复）,150,150,150,150,1,5,66,AC4消音器,0.355,0.022,70184,249
009 日常（周年后修复）,150,150,150,150,1,5,68,IOP极限弹链箱,0.147,0.014,70184,103
009 日常（周年后修复）,150,150,150,150,1,5,72,ILM空尖弹,0.295,0.020,70184,207
009 日常（周年后修复）,150,150,150,150,1,5,76,#000猎鹿弹,0.326,0.022,70184,229
009 日常（周年后修复）,150,150,150,150,1,5,80,SABOT独头弹,0.356,0.022,70184,250
009 日常（周年后修复）,150,150,150,150,1,5,90,热光学迷彩披风,0.254,0.019,70184,178
009 日常（周年后修复）,150,150,150,150,1,5,224,RMR T4红点,0.408,0.024,70184,286
009 日常（周年后修复）,150,150,150,150,1,5,225,信号弹,0.110,0.012,70184,77
009 日常（周年后修复）,150,150,150,150,1,5,227,M1022狙击弹,0.383,0.023,70184,269
009 日常（周年后修复）,150,150,150,150,1,5,229,Mk1000SLAP,0.137,0.014,70184,96
009 日常（周年后修复）,150,150,150,150,1,5,231,#7.5鸟弹,0.331,0.022,70184,232
009 日常（周年后修复）,150,150,150,150,1,5,234,#2运算芯片,0.289,0.020,70184,203
009 日常（周年后修复）,150,150,150,150,1,5,235,霰弹用闪光弹,0.199,0.017,70184,140
009 日常（周年后修复）,150,150,150,150,1,5,305,SF武器灯改,0.104,0.012,70184,73
009 日常（周年后修复）,150,150,150,150,1,5,308,Mk0多用途喉缩管,0.386,0.023,70184,271
009 日常（周年后修复）,150,150,150,150,1,5,309,专注芯片,0.308,0.021,70184,216
009 日常（周年后修复）,150,150,150,150,1,5,311,M200X LRF,0.965,0.037,70184,677
009 日常（周年后修复）,150,150,150,150,1,5,314,HD100脚架,0.447,0.025,70184,314
009 日常（周年后修复）,151,151,151,151,1,2,1,BM 3-12X40,1.461,0.043,78489,1147
009 日常（周年后修复）,151,151,151,151,1,2,5,EOT 506,1.427,0.042,78489,1120
009 日常（周年后修复）,151,151,151,151,1,2,9,AMP COMPM2,1.407,0.042,78489,1104
009 日常（周年后修复）,151,151,151,151,1,2,13,PEQ-2,1.487,0.043,78489,1167
009 日常（周年后修复）,151,151,151,151,1,2,17,M61穿甲弹,3.864,0.069,78489,3033
009 日常（周年后修复）,151,151,151,151,1,2,29,FMJ高速弹,3.729,0.068,78489,2927
009 日常（周年后修复）,151,151,151,151,1,2,37,IOP T1外骨骼,1.231,0.039,78489,966
009 日常（周年后修复）,151,151,151,151,1,2,55,IOP X1外骨骼,1.168,0.038,78489,917
009 日常（周年后修复）,151,151,151,151,1,2,63,AC1消音器,1.947,0.049,78489,1528
009 日常（周年后修复）,151,151,151,151,1,2,69,ILM空尖弹,2.763,0.059,78489,2169
009 日常（周年后修复）,151,151,151,151,1,2,73,#1猎鹿弹,3.724,0.068,78489,2923
009 日常（周年后修复）,151,151,151,151,1,2,77,BK独头弹,3.668,0.067,78489,2879
009 日常（周年后修复）,151,151,151,151,1,2,87,破旧披风,2.328,0.054,78489,1827
009 日常（周年后修复）,151,151,151,151,1,3,2,LRA 2-12x50,0.943,0.034,78489,740
009 日常（周年后修复）,151,151,151,151,1,3,6,EOT 512,0.933,0.034,78489,732
009 日常（周年后修复）,151,151,151,151,1,3,10,AMP COMPM4,0.982,0.035,78489,771
009 日常（周年后修复）,151,151,151,151,1,3,14,PEQ-5,0.935,0.034,78489,734
009 日常（周年后修复）,151,151,151,151,1,3,18,M993穿甲弹,2.537,0.056,78489,1991
009 日常（周年后修复）,151,151,151,151,1,3,30,JSP高速弹,2.430,0.055,78489,1907
009 日常（周年后修复）,151,151,151,151,1,3,38,IOP T2外骨骼,0.803,0.032,78489,630
009 日常（周年后修复）,151,151,151,151,1,3,42,Type1防弹插板,1.790,0.047,78489,1405
009 日常（周年后修复）,151,151,151,151,1,3,56,IOP X2外骨骼,0.773,0.031,78489,607
009 日常（周年后修复）,151,151,151,151,1,3,64,AC2消音器,1.287,0.040,78489,1010
009 日常（周年后修复）,151,151,151,151,1,3,70,ILM空尖弹,1.782,0.047,78489,1399
009 日常（周年后修复）,151,151,151,151,1,3,74,#0猎鹿弹,2.481,0.056,78489,1947
009 日常（周年后修复）,151,151,151,151,1,3,78,FST独头弹,2.427,0.055,78489,1905
009 日常（周年后修复）,151,151,151,151,1,3,88,伪装披风,1.593,0.045,78489,1250
009 日常（周年后修复）,151,151,151,151,1,3,222,RMR红点,2.616,0.057,78489,2053
009 日常（周年后修复）,151,151,151,151,1,3,232,试制运算芯片,1.914,0.049,78489,1502
009 日常（周年后修复）,151,151,151,151,1,3,306,Mk3喉缩管,2.354,0.054,78489,1848
009 日常（周年后修复）,151,151,151,151,1,3,312,HD50脚架,1.962,0.050,78489,1540
009 日常（周年后修复）,151,151,151,151,1,4,3,PSO-1,0.697,0.030,78489,547
009 日常（周年后修复）,151,151,151,151,1,4,7,EOT 516,0.739,0.031,78489,580
009 日常（周年后修复）,151,151,151,151,1,4,11,COG M150,0.776,0.031,78489,609
009 日常（周年后修复）,151,151,151,151,1,4,15,PEQ-15,0.698,0.030,78489,548
009 日常（周年后修复）,151,151,151,151,1,4,19,Mk169穿甲弹,1.895,0.049,78489,1487
009 日常（周年后修复）,151,151,151,151,1,4,31,JHP高速弹,1.715,0.046,78489,1346
009 日常（周年后修复）,151,151,151,151,1,4,39,IOP T3外骨骼,0.540,0.026,78489,424
009 日常（周年后修复）,151,151,151,151,1,4,43,Type2防弹插板,1.368,0.041,78489,1074
009 日常（周年后修复）,151,151,151,151,1,4,57,IOP X3外骨骼,0.578,0.027,78489,454
009 日常（周年后修复）,151,151,151,151,1,4,65,AC3消音器,0.972,0.035,78489,763
009 日常（周年后修复）,151,151,151,151,1,4,67,IOP大容量弹链箱,0.722,0.030,78489,567
009 日常（周年后修复）,151,151,151,151,1,4,71,ILM空尖弹,1.330,0.041,78489,1044
009 日常（周年后修复）,151,151,151,151,1,4,75,#00猎鹿弹,1.762,0.047,78489,1383
009 日常（周年后修复）,151,151,151,151,1,4,79,WAD独头弹,1.669,0.046,78489,1310
009 日常（周年后修复）,151,151,151,151,1,4,89,城市迷彩披风,1.071,0.037,78489,841
009 日常（周年后修复）,151,151,151,151,1,4,223,RMR T2红点,1.842,0.048,78489,1446
009 日常（周年后修复）,151,151,151,151,1,4,226,M33狙击弹,1.812,0.048,78489,1422
009 日常（周年后修复）,151,151,151,151,1,4,228,Mk900SLAP,0.601,0.028,78489,472
009 日常（周年后修复）,151,151,151,151,1,4,230,#6鸟弹,1.745,0.047,78489,1370
009 日常（周年后修复）,151,151,151,151,1,4,233,#1运算芯片,1.303,0.040,78489,1023
009 日常（周年后修复）,151,151,151,151,1,4,307,Mk4喉缩管,1.661,0.046,78489,1304
009 日常（周年后修复）,151,151,151,151,1,4,310,M1050 LRF,4.714,0.076,78489,3700
009 日常（周年后修复）,151,151,151,151,1,4,313,HD50脚架Mk2,1.451,0.043,78489,1139
009 日常（周年后修复）,151,151,151,151,1,5,4,VFL 6-24X56,0.133,0.013,78489,104
009 日常（周年后修复）,151,151,151,151,1,5,8,EOT 518,0.127,0.013,78489,100
009 日常（周年后修复）,151,151,151,151,1,5,12,ITI MARS,0.122,0.012,78489,96
009 日常（周年后修复）,151,151,151,151,1,5,16,PEQ-16A,0.118,0.012,78489,93
009 日常（周年后修复）,151,151,151,151,1,5,20,Mk211高爆穿甲弹,0.350,0.021,78489,275
009 日常（周年后修复）,151,151,151,151,1,5,32,APCR高速弹,0.386,0.022,78489,303
009 日常（周年后修复）,151,151,151,151,1,5,40,IOP T4外骨骼,0.122,0.012,78489,96
009 日常（周年后修复）,151,151,151,151,1,5,44,Type3防弹插板,0.218,0.017,78489,171
009 日常（周年后修复）,151,151,151,151,1,5,58,IOP X4外骨骼,0.112,0.012,78489,88
009 日常（周年后修复）,151,151,151,151,1,5,66,AC4消音器,0.367,0.022,78489,288
009 日常（周年后修复）,151,151,151,151,1,5,68,IOP极限弹链箱,0.144,0.014,78489,113
009 日常（周年后修复）,151,151,151,151,1,5,72,ILM空尖弹,0.278,0.019,78489,218
009 日常（周年后修复）,151,151,151,151,1,5,76,#000猎鹿弹,0.363,0.021,78489,285
009 日常（周年后修复）,151,151,151,151,1,5,80,SABOT独头弹,0.364,0.022,78489,286
009 日常（周年后修复）,151,151,151,151,1,5,90,热光学迷彩披风,0.248,0.018,78489,195
009 日常（周年后修复）,151,151,151,151,1,5,224,RMR T4红点,0.429,0.023,78489,337
009 日常（周年后修复）,151,151,151,151,1,5,225,信号弹,0.108,0.012,78489,85
009 日常（周年后修复）,151,151,151,151,1,5,227,M1022狙击弹,0.357,0.021,78489,280
009 日常（周年后修复）,151,151,151,151,1,5,229,Mk1000SLAP,0.121,0.012,78489,95
009 日常（周年后修复）,151,151,151,151,1,5,231,#7.5鸟弹,0.350,0.021,78489,275
009 日常（周年后修复）,151,151,151,151,1,5,234,#2运算芯片,0.270,0.019,78489,212
009 日常（周年后修复）,151,151,151,151,1,5,235,霰弹用闪光弹,0.166,0.015,78489,130
009 日常（周年后修复）,151,151,151,151,1,5,305,SF武器灯改,0.118,0.012,78489,93
009 日常（周年后修复）,151,151,151,151,1,5,308,Mk0多用途喉缩管,0.390,0.022,78489,306
009 日常（周年后修复）,151,151,151,151,1,5,309,专注芯片,0.294,0.019,78489,231
009 日常（周年后修复）,151,151,151,151,1,5,311,M200X LRF,1.057,0.037,78489,830
009 日常（周年后修复）,151,151,151,151,1,5,314,HD100脚架,0.475,0.025,78489,373
009 日常（周年后修复）,170,120,50,50,0,3,232,试制运算芯片,75.228,0.149,84044,63225
009 日常（周年后修复）,170,120,50,50,0,4,233,#1运算芯片,20.318,0.139,84044,17076
009 日常（周年后修复）,170,120,50,50,0,5,234,#2运算芯片,2.216,0.051,84044,1862
009 日常（周年后修复）,170,120,50,50,0,5,309,专注芯片,2.238,0.051,84044,1881
009 日常（周年后修复）,170,120,50,50,1,2,1,BM 3-12X40,2.041,0.064,48937,999
009 日常（周年后修复）,170,120,50,50,1,2,5,EOT 506,2.031,0.064,48937,994
009 日常（周年后修复）,170,120,50,50,1,2,9,AMP COMPM2,1.956,0.063,48937,957
009 日常（周年后修复）,170,120,50,50,1,2,13,PEQ-2,1.731,0.059,48937,847
009 日常（周年后修复）,170,120,50,50,1,2,17,M61穿甲弹,2.669,0.073,48937,1306
009 日常（周年后修复）,170,120,50,50,1,2,29,FMJ高速弹,2.861,0.075,48937,1400
009 日常（周年后修复）,170,120,50,50,1,2,37,IOP T1外骨骼,1.136,0.048,48937,556
009 日常（周年后修复）,170,120,50,50,1,2,55,IOP X1外骨骼,1.142,0.048,48937,559
009 日常（周年后修复）,170,120,50,50,1,2,63,AC1消音器,7.457,0.119,48937,3649
009 日常（周年后修复）,170,120,50,50,1,2,69,ILM空尖弹,8.350,0.125,48937,4086
009 日常（周年后修复）,170,120,50,50,1,2,73,#1猎鹿弹,1.949,0.062,48937,954
009 日常（周年后修复）,170,120,50,50,1,2,77,BK独头弹,1.951,0.063,48937,955
009 日常（周年后修复）,170,120,50,50,1,2,87,破旧披风,2.963,0.077,48937,1450
009 日常（周年后修复）,170,120,50,50,1,3,2,LRA 2-12x50,0.529,0.033,48937,259
009 日常（周年后修复）,170,120,50,50,1,3,6,EOT 512,0.511,0.032,48937,250
009 日常（周年后修复）,170,120,50,50,1,3,10,AMP COMPM4,0.537,0.033,48937,263
009 日常（周年后修复）,170,120,50,50,1,3,14,PEQ-5,0.480,0.031,48937,235
009 日常（周年后修复）,170,120,50,50,1,3,18,M993穿甲弹,0.638,0.036,48937,312
009 日常（周年后修复）,170,120,50,50,1,3,30,JSP高速弹,0.740,0.039,48937,362
009 日常（周年后修复）,170,120,50,50,1,3,38,IOP T2外骨骼,0.284,0.024,48937,139
009 日常（周年后修复）,170,120,50,50,1,3,42,Type1防弹插板,0.521,0.033,48937,255
009 日常（周年后修复）,170,120,50,50,1,3,56,IOP X2外骨骼,0.294,0.024,48937,144
009 日常（周年后修复）,170,120,50,50,1,3,64,AC2消音器,1.990,0.063,48937,974
009 日常（周年后修复）,170,120,50,50,1,3,70,ILM空尖弹,2.264,0.067,48937,1108
009 日常（周年后修复）,170,120,50,50,1,3,74,#0猎鹿弹,0.468,0.031,48937,229
009 日常（周年后修复）,170,120,50,50,1,3,78,FST独头弹,0.448,0.030,48937,219
009 日常（周年后修复）,170,120,50,50,1,3,88,伪装披风,0.678,0.037,48937,332
009 日常（周年后修复）,170,120,50,50,1,3,222,RMR红点,2.763,0.074,48937,1352
009 日常（周年后修复）,170,120,50,50,1,3,232,试制运算芯片,24.068,0.193,48937,11778
009 日常（周年后修复）,170,120,50,50,1,3,312,HD50脚架,0.002,0.002,48937,1
009 日常（周年后修复）,170,120,50,50,1,4,3,PSO-1,0.280,0.024,48937,137
009 日常（周年后修复）,170,120,50,50,1,4,7,EOT 516,0.231,0.022,48937,113
009 日常（周年后修复）,170,120,50,50,1,4,11,COG M150,0.298,0.025,48937,146
009 日常（周年后修复）,170,120,50,50,1,4,15,PEQ-15,0.239,0.022,48937,117
009 日常（周年后修复）,170,120,50,50,1,4,19,Mk169穿甲弹,0.294,0.024,48937,144
009 日常（周年后修复）,170,120,50,50,1,4,31,JHP高速弹,0.358,0.027,48937,175
009 日常（周年后修复）,170,120,50,50,1,4,39,IOP T3外骨骼,0.119,0.016,48937,58
009 日常（周年后修复）,170,120,50,50,1,4,43,Type2防弹插板,0.260,0.023,48937,127
009 日常（周年后修复）,170,120,50,50,1,4,57,IOP X3外骨骼,0.166,0.018,48937,81
009 日常（周年后修复）,170,120,50,50,1,4,65,AC3消音器,1.014,0.045,48937,496
009 日常（周年后修复）,170,120,50,50,1,4,71,ILM空尖弹,1.052,0.046,48937,515
009 日常（周年后修复）,170,120,50,50,1,4,75,#00猎鹿弹,0.233,0.022,48937,114
009 日常（周年后修复）,170,120,50,50,1,4,79,WAD独头弹,0.235,0.022,48937,115
009 日常（周年后修复）,170,120,50,50,1,4,89,城市迷彩披风,0.368,0.027,48937,180
009 日常（周年后修复）,170,120,50,50,1,4,223,RMR T2红点,1.226,0.050,48937,600
009 日常（周年后修复）,170,120,50,50,1,4,226,M33狙击弹,0.394,0.028,48937,193
009 日常（周年后修复）,170,120,50,50,1,4,228,Mk900SLAP,0.194,0.020,48937,95
009 日常（周年后修复）,170,120,50,50,1,4,230,#6鸟弹,0.247,0.022,48937,121
009 日常（周年后修复）,170,120,50,50,1,4,233,#1运算芯片,12.622,0.150,48937,6177
009 日常（周年后修复）,170,120,50,50,1,5,4,VFL 6-24X56,0.029,0.008,48937,14
009 日常（周年后修复）,170,120,50,50,1,5,8,EOT 518,0.031,0.008,48937,15
009 日常（周年后修复）,170,120,50,50,1,5,12,ITI MARS,0.045,0.010,48937,22
009 日常（周年后修复）,170,120,50,50,1,5,16,PEQ-16A,0.020,0.006,48937,10
009 日常（周年后修复）,170,120,50,50,1,5,20,Mk211高爆穿甲弹,0.037,0.009,48937,18
009 日常（周年后修复）,170,120,50,50,1,5,32,APCR高速弹,0.047,0.010,48937,23
009 日常（周年后修复）,170,120,50,50,1,5,40,IOP T4外骨骼,0.014,0.005,48937,7
009 日常（周年后修复）,170,120,50,50,1,5,44,Type3防弹插板,0.037,0.009,48937,18
009 日常（周年后修复）,170,120,50,50,1,5,58,IOP X4外骨骼,0.016,0.006,48937,8
009 日常（周年后修复）,170,120,50,50,1,5,66,AC4消音器,0.210,0.021,48937,103
009 日常（周年后修复）,170,120,50,50,1,5,72,ILM空尖弹,0.155,0.018,48937,76
009 日常（周年后修复）,170,120,50,50,1,5,76,#000猎鹿弹,0.039,0.009,48937,19
009 日常（周年后修复）,170,120,50,50,1,5,80,SABOT独头弹,0.027,0.007,48937,13
009 日常（周年后修复）,170,120,50,50,1,5,90,热光学迷彩披风,0.065,0.012,48937,32
009 日常（周年后修复）,170,120,50,50,1,5,224,RMR T4红点,0.241,0.022,48937,118
009 日常（周年后修复）,170,120,50,50,1,5,225,信号弹,0.053,0.010,48937,26
009 日常（周年后修复）,170,120,50,50,1,5,227,M1022狙击弹,0.043,0.009,48937,21
009 日常（周年后修复）,170,120,50,50,1,5,229,Mk1000SLAP,0.031,0.008,48937,15
009 日常（周年后修复）,170,120,50,50,1,5,231,#7.5鸟弹,0.033,0.008,48937,16
009 日常（周年后修复）,170,120,50,50,1,5,234,#2运算芯片,1.700,0.058,48937,832
009 日常（周年后修复）,170,120,50,50,1,5,235,霰弹用闪光弹,0.027,0.007,48937,13
009 日常（周年后修复）,170,120,50,50,1,5,305,SF武器灯改,0.025,0.007,48937,12
009 日常（周年后修复）,170,120,50,50,1,5,309,专注芯片,1.794,0.060,48937,878
009 日常（周年后修复）,180,20,200,20,0,2,87,破旧披风,37.900,0.353,18884,7157
009 日常（周年后修复）,180,20,200,20,0,3,88,伪装披风,38.615,0.354,18884,7292
009 日常（周年后修复）,180,20,200,20,0,4,89,城市迷彩披风,19.180,0.287,18884,3622
009 日常（周年后修复）,180,20,200,20,0,5,90,热光学迷彩披风,4.305,0.148,18884,813
009 日常（周年后修复）,180,20,200,20,1,2,1,BM 3-12X40,1.086,0.092,12611,137
009 日常（周年后修复）,180,20,200,20,1,2,5,EOT 506,1.404,0.105,12611,177
009 日常（周年后修复）,180,20,200,20,1,2,9,AMP COMPM2,1.332,0.102,12611,168
009 日常（周年后修复）,180,20,200,20,1,2,13,PEQ-2,1.047,0.091,12611,132
009 日常（周年后修复）,180,20,200,20,1,2,37,IOP T1外骨骼,0.182,0.038,12611,23
009 日常（周年后修复）,180,20,200,20,1,2,55,IOP X1外骨骼,0.246,0.044,12611,31
009 日常（周年后修复）,180,20,200,20,1,2,63,AC1消音器,0.952,0.086,12611,120
009 日常（周年后修复）,180,20,200,20,1,2,87,破旧披风,30.941,0.412,12611,3902
009 日常（周年后修复）,180,20,200,20,1,3,2,LRA 2-12x50,1.340,0.102,12611,169
009 日常（周年后修复）,180,20,200,20,1,3,6,EOT 512,1.269,0.100,12611,160
009 日常（周年后修复）,180,20,200,20,1,3,10,AMP COMPM4,1.245,0.099,12611,157
009 日常（周年后修复）,180,20,200,20,1,3,14,PEQ-5,0.904,0.084,12611,114
009 日常（周年后修复）,180,20,200,20,1,3,38,IOP T2外骨骼,0.262,0.045,12611,33
009 日常（周年后修复）,180,20,200,20,1,3,42,Type1防弹插板,0.595,0.068,12611,75
009 日常（周年后修复）,180,20,200,20,1,3,56,IOP X2外骨骼,0.206,0.040,12611,26
009 日常（周年后修复）,180,20,200,20,1,3,64,AC2消音器,0.698,0.074,12611,88
009 日常（周年后修复）,180,20,200,20,1,3,88,伪装披风,29.982,0.408,12611,3781
009 日常（周年后修复）,180,20,200,20,1,3,222,RMR红点,1.419,0.105,12611,179
009 日常（周年后修复）,180,20,200,20,1,3,232,试制运算芯片,0.936,0.086,12611,118
009 日常（周年后修复）,180,20,200,20,1,4,3,PSO-1,0.611,0.069,12611,77
009 日常（周年后修复）,180,20,200,20,1,4,7,EOT 516,0.563,0.067,12611,71
009 日常（周年后修复）,180,20,200,20,1,4,11,COG M150,0.539,0.065,12611,68
009 日常（周年后修复）,180,20,200,20,1,4,15,PEQ-15,0.539,0.065,12611,68
009 日常（周年后修复）,180,20,200,20,1,4,39,IOP T3外骨骼,0.135,0.033,12611,17
009 日常（周年后修复）,180,20,200,20,1,4,43,Type2防弹插板,0.278,0.047,12611,35
009 日常（周年后修复）,180,20,200,20,1,4,57,IOP X3外骨骼,0.103,0.029,12611,13
009 日常（周年后修复）,180,20,200,20,1,4,65,AC3消音器,0.349,0.053,12611,44
009 日常（周年后修复）,180,20,200,20,1,4,89,城市迷彩披风,15.153,0.319,12611,1911
009 日常（周年后修复）,180,20,200,20,1,4,223,RMR T2红点,0.492,0.062,12611,62
009 日常（周年后修复）,180,20,200,20,1,4,233,#1运算芯片,0.412,0.057,12611,52
009 日常（周年后修复）,180,20,200,20,1,5,4,VFL 6-24X56,0.135,0.033,12611,17
009 日常（周年后修复）,180,20,200,20,1,5,8,EOT 518,0.159,0.035,12611,20
009 日常（周年后修复）,180,20,200,20,1,5,12,ITI MARS,0.063,0.022,12611,8
009 日常（周年后修复）,180,20,200,20,1,5,16,PEQ-16A,0.071,0.024,12611,9
009 日常（周年后修复）,180,20,200,20,1,5,44,Type3防弹插板,0.071,0.024,12611,9
009 日常（周年后修复）,180,20,200,20,1,5,58,IOP X4外骨骼,0.008,0.008,12611,1
009 日常（周年后修复）,180,20,200,20,1,5,66,AC4消音器,0.127,0.032,12611,16
009 日常（周年后修复）,180,20,200,20,1,5,90,热光学迷彩披风,3.687,0.168,12611,465
009 日常（周年后修复）,180,20,200,20,1,5,224,RMR T4红点,0.174,0.037,12611,22
009 日常（周年后修复）,180,20,200,20,1,5,234,#2运算芯片,0.071,0.024,12611,9
009 日常（周年后修复）,180,20,200,20,1,5,305,SF武器灯改,0.087,0.026,12611,11
009 日常（周年后修复）,180,20,200,20,1,5,309,专注芯片,0.127,0.032,12611,16
009 日常（周年后修复）,180,65,65,65,0,3,222,RMR红点,73.618,0.258,29179,21481
009 日常（周年后修复）,180,65,65,65,0,4,223,RMR T2红点,21.389,0.240,29179,6241
009 日常（周年后修复）,180,65,65,65,0,5,224,RMR T4红点,4.993,0.128,29179,1457
009 日常（周年后修复）,180,65,65,65,1,2,1,BM 3-12X40,4.131,0.170,13727,567
009 日常（周年后修复）,180,65,65,65,1,2,5,EOT 506,3.912,0.165,13727,537
009 日常（周年后修复）,180,65,65,65,1,2,9,AMP COMPM2,3.752,0.162,13727,515
009 日常（周年后修复）,180,65,65,65,1,2,13,PEQ-2,3.176,0.150,13727,436
009 日常（周年后修复）,180,65,65,65,1,2,37,IOP T1外骨骼,2.535,0.134,13727,348
009 日常（周年后修复）,180,65,65,65,1,2,55,IOP X1外骨骼,2.411,0.131,13727,331
009 日常（周年后修复）,180,65,65,65,1,2,63,AC1消音器,11.911,0.276,13727,1635
009 日常（周年后修复）,180,65,65,65,1,2,87,破旧披风,5.952,0.202,13727,817
009 日常（周年后修复）,180,65,65,65,1,3,2,LRA 2-12x50,0.481,0.059,13727,66
009 日常（周年后修复）,180,65,65,65,1,3,6,EOT 512,0.401,0.054,13727,55
009 日常（周年后修复）,180,65,65,65,1,3,10,AMP COMPM4,0.525,0.062,13727,72
009 日常（周年后修复）,180,65,65,65,1,3,14,PEQ-5,0.408,0.054,13727,56
009 日常（周年后修复）,180,65,65,65,1,3,38,IOP T2外骨骼,0.255,0.043,13727,35
009 日常（周年后修复）,180,65,65,65,1,3,42,Type1防弹插板,0.568,0.064,13727,78
009 日常（周年后修复）,180,65,65,65,1,3,56,IOP X2外骨骼,0.233,0.041,13727,32
009 日常（周年后修复）,180,65,65,65,1,3,64,AC2消音器,1.362,0.099,13727,187
009 日常（周年后修复）,180,65,65,65,1,3,88,伪装披风,0.648,0.069,13727,89
009 日常（周年后修复）,180,65,65,65,1,3,222,RMR红点,29.803,0.390,13727,4091
009 日常（周年后修复）,180,65,65,65,1,3,232,试制运算芯片,1.603,0.107,13727,220
009 日常（周年后修复）,180,65,65,65,1,4,3,PSO-1,0.313,0.048,13727,43
009 日常（周年后修复）,180,65,65,65,1,4,7,EOT 516,0.219,0.040,13727,30
009 日常（周年后修复）,180,65,65,65,1,4,11,COG M150,0.277,0.045,13727,38
009 日常（周年后修复）,180,65,65,65,1,4,15,PEQ-15,0.197,0.038,13727,27
009 日常（周年后修复）,180,65,65,65,1,4,39,IOP T3外骨骼,0.095,0.026,13727,13
009 日常（周年后修复）,180,65,65,65,1,4,43,Type2防弹插板,0.342,0.050,13727,47
009 日常（周年后修复）,180,65,65,65,1,4,57,IOP X3外骨骼,0.146,0.033,13727,20
009 日常（周年后修复）,180,65,65,65,1,4,65,AC3消音器,0.750,0.074,13727,103
009 日常（周年后修复）,180,65,65,65,1,4,89,城市迷彩披风,0.379,0.052,13727,52
009 日常（周年后修复）,180,65,65,65,1,4,223,RMR T2红点,17.345,0.323,13727,2381
009 日常（周年后修复）,180,65,65,65,1,4,233,#1运算芯片,0.962,0.083,13727,132
009 日常（周年后修复）,180,65,65,65,1,5,4,VFL 6-24X56,0.044,0.018,13727,6
009 日常（周年后修复）,180,65,65,65,1,5,8,EOT 518,0.022,0.013,13727,3
009 日常（周年后修复）,180,65,65,65,1,5,12,ITI MARS,0.058,0.021,13727,8
009 日常（周年后修复）,180,65,65,65,1,5,16,PEQ-16A,0.051,0.019,13727,7
009 日常（周年后修复）,180,65,65,65,1,5,40,IOP T4外骨骼,0.015,0.010,13727,2
009 日常（周年后修复）,180,65,65,65,1,5,44,Type3防弹插板,0.073,0.023,13727,10
009 日常（周年后修复）,180,65,65,65,1,5,58,IOP X4外骨骼,0.036,0.016,13727,5
009 日常（周年后修复）,180,65,65,65,1,5,66,AC4消音器,0.284,0.045,13727,39
009 日常（周年后修复）,180,65,65,65,1,5,90,热光学迷彩披风,0.109,0.028,13727,15
009 日常（周年后修复）,180,65,65,65,1,5,224,RMR T4红点,3.803,0.163,13727,522
009 日常（周年后修复）,180,65,65,65,1,5,234,#2运算芯片,0.226,0.041,13727,31
009 日常（周年后修复）,180,65,65,65,1,5,305,SF武器灯改,0.051,0.019,13727,7
009 日常（周年后修复）,180,65,65,65,1,5,309,专注芯片,0.138,0.032,13727,19
009 日常（周年后修复）,180,180,10,50,0,2,69,ILM空尖弹,36.965,0.190,64223,23740
009 日常（周年后修复）,180,180,10,50,0,3,70,ILM空尖弹,36.962,0.190,64223,23738
009 日常（周年后修复）,180,180,10,50,0,4,71,ILM空尖弹,21.035,0.161,64223,13509
009 日常（周年后修复）,180,180,10,50,0,5,72,ILM空尖弹,2.379,0.060,64223,1528
009 日常（周年后修复）,180,180,10,50,0,5,225,信号弹,2.659,0.063,64223,1708
009 日常（周年后修复）,180,180,10,50,1,2,1,BM 3-12X40,0.515,0.029,60338,311
009 日常（周年后修复）,180,180,10,50,1,2,5,EOT 506,0.504,0.029,60338,304
009 日常（周年后修复）,180,180,10,50,1,2,9,AMP COMPM2,0.459,0.028,60338,277
009 日常（周年后修复）,180,180,10,50,1,2,13,PEQ-2,0.438,0.027,60338,264
009 日常（周年后修复）,180,180,10,50,1,2,17,M61穿甲弹,0.738,0.035,60338,445
009 日常（周年后修复）,180,180,10,50,1,2,29,FMJ高速弹,0.975,0.040,60338,588
009 日常（周年后修复）,180,180,10,50,1,2,37,IOP T1外骨骼,0.333,0.023,60338,201
009 日常（周年后修复）,180,180,10,50,1,2,55,IOP X1外骨骼,0.370,0.025,60338,223
009 日常（周年后修复）,180,180,10,50,1,2,63,AC1消音器,1.154,0.043,60338,696
009 日常（周年后修复）,180,180,10,50,1,2,69,ILM空尖弹,29.275,0.185,60338,17664
009 日常（周年后修复）,180,180,10,50,1,2,73,#1猎鹿弹,0.633,0.032,60338,382
009 日常（周年后修复）,180,180,10,50,1,2,77,BK独头弹,0.602,0.031,60338,363
009 日常（周年后修复）,180,180,10,50,1,2,87,破旧披风,0.704,0.034,60338,425
009 日常（周年后修复）,180,180,10,50,1,3,2,LRA 2-12x50,0.451,0.027,60338,272
009 日常（周年后修复）,180,180,10,50,1,3,6,EOT 512,0.403,0.026,60338,243
009 日常（周年后修复）,180,180,10,50,1,3,10,AMP COMPM4,0.391,0.025,60338,236
009 日常（周年后修复）,180,180,10,50,1,3,14,PEQ-5,0.348,0.024,60338,210
009 日常（周年后修复）,180,180,10,50,1,3,18,M993穿甲弹,0.678,0.033,60338,409
009 日常（周年后修复）,180,180,10,50,1,3,30,JSP高速弹,0.800,0.036,60338,483
009 日常（周年后修复）,180,180,10,50,1,3,38,IOP T2外骨骼,0.295,0.022,60338,178
009 日常（周年后修复）,180,180,10,50,1,3,42,Type1防弹插板,0.474,0.028,60338,286
009 日常（周年后修复）,180,180,10,50,1,3,56,IOP X2外骨骼,0.315,0.023,60338,190
009 日常（周年后修复）,180,180,10,50,1,3,64,AC2消音器,0.975,0.040,60338,588
009 日常（周年后修复）,180,180,10,50,1,3,70,ILM空尖弹,26.352,0.179,60338,15900
009 日常（周年后修复）,180,180,10,50,1,3,74,#0猎鹿弹,0.557,0.030,60338,336
009 日常（周年后修复）,180,180,10,50,1,3,78,FST独头弹,0.539,0.030,60338,325
009 日常（周年后修复）,180,180,10,50,1,3,88,伪装披风,0.631,0.032,60338,381
009 日常（周年后修复）,180,180,10,50,1,3,222,RMR红点,1.679,0.052,60338,1013
009 日常（周年后修复）,180,180,10,50,1,3,232,试制运算芯片,2.203,0.060,60338,1329
009 日常（周年后修复）,180,180,10,50,1,4,3,PSO-1,0.220,0.019,60338,133
009 日常（周年后修复）,180,180,10,50,1,4,7,EOT 516,0.234,0.020,60338,141
009 日常（周年后修复）,180,180,10,50,1,4,11,COG M150,0.214,0.019,60338,129
009 日常（周年后修复）,180,180,10,50,1,4,15,PEQ-15,0.199,0.018,60338,120
009 日常（周年后修复）,180,180,10,50,1,4,19,Mk169穿甲弹,0.356,0.024,60338,215
009 日常（周年后修复）,180,180,10,50,1,4,31,JHP高速弹,0.436,0.027,60338,263
009 日常（周年后修复）,180,180,10,50,1,4,39,IOP T3外骨骼,0.124,0.014,60338,75
009 日常（周年后修复）,180,180,10,50,1,4,43,Type2防弹插板,0.204,0.018,60338,123
009 日常（周年后修复）,180,180,10,50,1,4,57,IOP X3外骨骼,0.194,0.018,60338,117
009 日常（周年后修复）,180,180,10,50,1,4,65,AC3消音器,0.572,0.031,60338,345
009 日常（周年后修复）,180,180,10,50,1,4,71,ILM空尖弹,14.344,0.143,60338,8655
009 日常（周年后修复）,180,180,10,50,1,4,75,#00猎鹿弹,0.308,0.023,60338,186
009 日常（周年后修复）,180,180,10,50,1,4,79,WAD独头弹,0.277,0.021,60338,167
009 日常（周年后修复）,180,180,10,50,1,4,89,城市迷彩披风,0.325,0.023,60338,196
009 日常（周年后修复）,180,180,10,50,1,4,223,RMR T2红点,0.907,0.039,60338,547
009 日常（周年后修复）,180,180,10,50,1,4,226,M33狙击弹,0.350,0.024,60338,211
009 日常（周年后修复）,180,180,10,50,1,4,228,Mk900SLAP,0.285,0.022,60338,172
009 日常（周年后修复）,180,180,10,50,1,4,230,#6鸟弹,0.267,0.021,60338,161
009 日常（周年后修复）,180,180,10,50,1,4,233,#1运算芯片,1.268,0.046,60338,765
009 日常（周年后修复）,180,180,10,50,1,4,310,M1050 LRF,0.002,0.002,60338,1
009 日常（周年后修复）,180,180,10,50,1,5,4,VFL 6-24X56,0.030,0.007,60338,18
009 日常（周年后修复）,180,180,10,50,1,5,8,EOT 518,0.031,0.007,60338,19
009 日常（周年后修复）,180,180,10,50,1,5,12,ITI MARS,0.051,0.009,60338,31
009 日常（周年后修复）,180,180,10,50,1,5,16,PEQ-16A,0.028,0.007,60338,17
009 日常（周年后修复）,180,180,10,50,1,5,20,Mk211高爆穿甲弹,0.053,0.009,60338,32
009 日常（周年后修复）,180,180,10,50,1,5,32,APCR高速弹,0.086,0.012,60338,52
009 日常（周年后修复）,180,180,10,50,1,5,40,IOP T4外骨骼,0.023,0.006,60338,14
009 日常（周年后修复）,180,180,10,50,1,5,44,Type3防弹插板,0.036,0.008,60338,22
009 日常（周年后修复）,180,180,10,50,1,5,58,IOP X4外骨骼,0.033,0.007,60338,20
009 日常（周年后修复）,180,180,10,50,1,5,66,AC4消音器,0.131,0.015,60338,79
009 日常（周年后修复）,180,180,10,50,1,5,72,ILM空尖弹,2.696,0.066,60338,1627
009 日常（周年后修复）,180,180,10,50,1,5,76,#000猎鹿弹,0.046,0.009,60338,28
009 日常（周年后修复）,180,180,10,50,1,5,80,SABOT独头弹,0.045,0.009,60338,27
009 日常（周年后修复）,180,180,10,50,1,5,90,热光学迷彩披风,0.085,0.012,60338,51
009 日常（周年后修复）,180,180,10,50,1,5,224,RMR T4红点,0.166,0.017,60338,100
009 日常（周年后修复）,180,180,10,50,1,5,225,信号弹,0.951,0.040,60338,574
009 日常（周年后修复）,180,180,10,50,1,5,227,M1022狙击弹,0.048,0.009,60338,29
009 日常（周年后修复）,180,180,10,50,1,5,229,Mk1000SLAP,0.053,0.009,60338,32
009 日常（周年后修复）,180,180,10,50,1,5,231,#7.5鸟弹,0.053,0.009,60338,32
009 日常（周年后修复）,180,180,10,50,1,5,234,#2运算芯片,0.229,0.019,60338,138
009 日常（周年后修复）,180,180,10,50,1,5,235,霰弹用闪光弹,0.022,0.006,60338,13
009 日常（周年后修复）,180,180,10,50,1,5,305,SF武器灯改,0.033,0.007,60338,20
009 日常（周年后修复）,180,180,10,50,1,5,309,专注芯片,0.197,0.018,60338,119
009 日常（周年后修复）,210,210,210,210,1,2,1,BM 3-12X40,1.395,0.198,3513,49
009 日常（周年后修复）,210,210,210,210,1,2,5,EOT 506,1.281,0.190,3513,45
009 日常（周年后修复）,210,210,210,210,1,2,9,AMP COMPM2,1.509,0.206,3513,53
009 日常（周年后修复）,210,210,210,210,1,2,13,PEQ-2,1.338,0.194,3513,47
009 日常（周年后修复）,210,210,210,210,1,2,17,M61穿甲弹,2.932,0.285,3513,103
009 日常（周年后修复）,210,210,210,210,1,2,29,FMJ高速弹,3.530,0.311,3513,124
009 日常（周年后修复）,210,210,210,210,1,2,37,IOP T1外骨骼,1.025,0.170,3513,36
009 日常（周年后修复）,210,210,210,210,1,2,55,IOP X1外骨骼,1.053,0.172,3513,37
009 日常（周年后修复）,210,210,210,210,1,2,63,AC1消音器,1.480,0.204,3513,52
009 日常（周年后修复）,210,210,210,210,1,2,69,ILM空尖弹,2.448,0.261,3513,86
009 日常（周年后修复）,210,210,210,210,1,2,73,#1猎鹿弹,2.448,0.261,3513,86
009 日常（周年后修复）,210,210,210,210,1,2,77,BK独头弹,2.249,0.250,3513,79
009 日常（周年后修复）,210,210,210,210,1,2,87,破旧披风,2.562,0.267,3513,90
009 日常（周年后修复）,210,210,210,210,1,3,2,LRA 2-12x50,0.740,0.145,3513,26
009 日常（周年后修复）,210,210,210,210,1,3,6,EOT 512,0.882,0.158,3513,31
009 日常（周年后修复）,210,210,210,210,1,3,10,AMP COMPM4,0.882,0.158,3513,31
009 日常（周年后修复）,210,210,210,210,1,3,14,PEQ-5,0.655,0.136,3513,23
009 日常（周年后修复）,210,210,210,210,1,3,18,M993穿甲弹,1.566,0.209,3513,55
009 日常（周年后修复）,210,210,210,210,1,3,30,JSP高速弹,1.736,0.220,3513,61
009 日常（周年后修复）,210,210,210,210,1,3,38,IOP T2外骨骼,0.427,0.110,3513,15
009 日常（周年后修复）,210,210,210,210,1,3,42,Type1防弹插板,0.882,0.158,3513,31
009 日常（周年后修复）,210,210,210,210,1,3,56,IOP X2外骨骼,0.512,0.120,3513,18
009 日常（周年后修复）,210,210,210,210,1,3,64,AC2消音器,0.683,0.139,3513,24
009 日常（周年后修复）,210,210,210,210,1,3,70,ILM空尖弹,1.366,0.196,3513,48
009 日常（周年后修复）,210,210,210,210,1,3,74,#0猎鹿弹,1.736,0.220,3513,61
009 日常（周年后修复）,210,210,210,210,1,3,78,FST独头弹,1.708,0.219,3513,60
009 日常（周年后修复）,210,210,210,210,1,3,88,伪装披风,1.736,0.220,3513,61
009 日常（周年后修复）,210,210,210,210,1,3,222,RMR红点,1.936,0.232,3513,68
009 日常（周年后修复）,210,210,210,210,1,3,232,试制运算芯片,1.110,0.177,3513,39
009 日常（周年后修复）,210,210,210,210,1,3,306,Mk3喉缩管,2.021,0.237,3513,71
009 日常（周年后修复）,210,210,210,210,1,3,312,HD50脚架,2.590,0.268,3513,91
009 日常（周年后修复）,210,210,210,210,1,4,3,PSO-1,1.053,0.172,3513,37
009 日常（周年后修复）,210,210,210,210,1,4,7,EOT 516,0.797,0.150,3513,28
009 日常（周年后修复）,210,210,210,210,1,4,11,COG M150,1.167,0.181,3513,41
009 日常（周年后修复）,210,210,210,210,1,4,15,PEQ-15,0.939,0.163,3513,33
009 日常（周年后修复）,210,210,210,210,1,4,19,Mk169穿甲弹,1.822,0.226,3513,64
009 日常（周年后修复）,210,210,210,210,1,4,31,JHP高速弹,2.220,0.249,3513,78
009 日常（周年后修复）,210,210,210,210,1,4,39,IOP T3外骨骼,0.797,0.150,3513,28
009 日常（周年后修复）,210,210,210,210,1,4,43,Type2防弹插板,1.509,0.206,3513,53
009 日常（周年后修复）,210,210,210,210,1,4,57,IOP X3外骨骼,0.399,0.106,3513,14
009 日常（周年后修复）,210,210,210,210,1,4,65,AC3消音器,1.281,0.190,3513,45
009 日常（周年后修复）,210,210,210,210,1,4,67,IOP大容量弹链箱,1.651,0.215,3513,58
009 日常（周年后修复）,210,210,210,210,1,4,71,ILM空尖弹,1.879,0.229,3513,66
009 日常（周年后修复）,210,210,210,210,1,4,75,#00猎鹿弹,1.651,0.215,3513,58
009 日常（周年后修复）,210,210,210,210,1,4,79,WAD独头弹,1.964,0.234,3513,69
009 日常（周年后修复）,210,210,210,210,1,4,89,城市迷彩披风,1.736,0.220,3513,61
009 日常（周年后修复）,210,210,210,210,1,4,223,RMR T2红点,2.220,0.249,3513,78
009 日常（周年后修复）,210,210,210,210,1,4,226,M33狙击弹,1.822,0.226,3513,64
009 日常（周年后修复）,210,210,210,210,1,4,228,Mk900SLAP,1.053,0.172,3513,37
009 日常（周年后修复）,210,210,210,210,1,4,230,#6鸟弹,1.736,0.220,3513,61
009 日常（周年后修复）,210,210,210,210,1,4,233,#1运算芯片,1.623,0.213,3513,57
009 日常（周年后修复）,210,210,210,210,1,4,307,Mk4喉缩管,2.590,0.268,3513,91
009 日常（周年后修复）,210,210,210,210,1,4,310,M1050 LRF,6.063,0.403,3513,213
009 日常（周年后修复）,210,210,210,210,1,4,313,HD50脚架Mk2,3.814,0.323,3513,134
009 日常（周年后修复）,210,210,210,210,1,5,4,VFL 6-24X56,0.028,0.028,3513,1
009 日常（周年后修复）,210,210,210,210,1,5,8,EOT 518,0.199,0.075,3513,7
009 日常（周年后修复）,210,210,210,210,1,5,12,ITI MARS,0.171,0.070,3513,6
009 日常（周年后修复）,210,210,210,210,1,5,16,PEQ-16A,0.142,0.064,3513,5
009 日常（周年后修复）,210,210,210,210,1,5,20,Mk211高爆穿甲弹,0.342,0.098,3513,12
009 日常（周年后修复）,210,210,210,210,1,5,32,APCR高速弹,0.484,0.117,3513,17
009 日常（周年后修复）,210,210,210,210,1,5,40,IOP T4外骨骼,0.199,0.075,3513,7
009 日常（周年后修复）,210,210,210,210,1,5,44,Type3防弹插板,0.285,0.090,3513,10
009 日常（周年后修复）,210,210,210,210,1,5,58,IOP X4外骨骼,0.114,0.057,3513,4
009 日常（周年后修复）,210,210,210,210,1,5,66,AC4消音器,0.342,0.098,3513,12
009 日常（周年后修复）,210,210,210,210,1,5,68,IOP极限弹链箱,0.285,0.090,3513,10
009 日常（周年后修复）,210,210,210,210,1,5,72,ILM空尖弹,0.484,0.117,3513,17
009 日常（周年后修复）,210,210,210,210,1,5,76,#000猎鹿弹,0.342,0.098,3513,12
009 日常（周年后修复）,210,210,210,210,1,5,80,SABOT独头弹,0.313,0.094,3513,11
009 日常（周年后修复）,210,210,210,210,1,5,90,热光学迷彩披风,0.598,0.130,3513,21
009 日常（周年后修复）,210,210,210,210,1,5,224,RMR T4红点,0.569,0.127,3513,20
009 日常（周年后修复）,210,210,210,210,1,5,225,信号弹,0.171,0.070,3513,6
009 日常（周年后修复）,210,210,210,210,1,5,227,M1022狙击弹,0.342,0.098,3513,12
009 日常（周年后修复）,210,210,210,210,1,5,229,Mk1000SLAP,0.228,0.080,3513,8
009 日常（周年后修复）,210,210,210,210,1,5,231,#7.5鸟弹,0.285,0.090,3513,10
009 日常（周年后修复）,210,210,210,210,1,5,234,#2运算芯片,0.199,0.075,3513,7
009 日常（周年后修复）,210,210,210,210,1,5,235,霰弹用闪光弹,0.142,0.064,3513,5
009 日常（周年后修复）,210,210,210,210,1,5,305,SF武器灯改,0.171,0.070,3513,6
009 日常（周年后修复）,210,210,210,210,1,5,308,Mk0多用途喉缩管,0.683,0.139,3513,24
009 日常（周年后修复）,210,210,210,210,1,5,309,专注芯片,0.199,0.075,3513,7
009 日常（周年后修复）,210,210,210,210,1,5,311,M200X LRF,1.309,0.192,3513,46
009 日常（周年后修复）,210,210,210,210,1,5,314,HD100脚架,1.167,0.181,3513,41
009 日常（周年后修复）,300,10,10,200,0,3,312,HD50脚架,60.504,0.333,21544,13035
009 日常（周年后修复）,300,10,10,200,0,4,313,HD50脚架Mk2,32.130,0.318,21544,6922
009 日常（周年后修复）,300,10,10,200,0,5,314,HD100脚架,7.366,0.178,21544,1587
009 日常（周年后修复）,300,10,10,200,1,2,1,BM 3-12X40,3.353,0.170,11245,377
009 日常（周年后修复）,300,10,10,200,1,2,5,EOT 506,3.806,0.180,11245,428
009 日常（周年后修复）,300,10,10,200,1,2,9,AMP COMPM2,3.691,0.178,11245,415
009 日常（周年后修复）,300,10,10,200,1,2,13,PEQ-2,3.406,0.171,11245,383
009 日常（周年后修复）,300,10,10,200,1,2,37,IOP T1外骨骼,2.775,0.155,11245,312
009 日常（周年后修复）,300,10,10,200,1,2,55,IOP X1外骨骼,2.899,0.158,11245,326
009 日常（周年后修复）,300,10,10,200,1,2,63,AC1消音器,4.713,0.200,11245,530
009 日常（周年后修复）,300,10,10,200,1,2,87,破旧披风,5.807,0.221,11245,653
009 日常（周年后修复）,300,10,10,200,1,3,2,LRA 2-12x50,0.142,0.036,11245,16
009 日常（周年后修复）,300,10,10,200,1,3,6,EOT 512,0.133,0.034,11245,15
009 日常（周年后修复）,300,10,10,200,1,3,10,AMP COMPM4,0.098,0.029,11245,11
009 日常（周年后修复）,300,10,10,200,1,3,14,PEQ-5,0.187,0.041,11245,21
009 日常（周年后修复）,300,10,10,200,1,3,38,IOP T2外骨骼,0.116,0.032,11245,13
009 日常（周年后修复）,300,10,10,200,1,3,42,Type1防弹插板,0.267,0.049,11245,30
009 日常（周年后修复）,300,10,10,200,1,3,56,IOP X2外骨骼,0.169,0.039,11245,19
009 日常（周年后修复）,300,10,10,200,1,3,64,AC2消音器,0.267,0.049,11245,30
009 日常（周年后修复）,300,10,10,200,1,3,88,伪装披风,0.409,0.060,11245,46
009 日常（周年后修复）,300,10,10,200,1,3,222,RMR红点,0.658,0.076,11245,74
009 日常（周年后修复）,300,10,10,200,1,3,232,试制运算芯片,0.382,0.058,11245,43
009 日常（周年后修复）,300,10,10,200,1,3,312,HD50脚架,27.390,0.421,11245,3080
009 日常（周年后修复）,300,10,10,200,1,4,3,PSO-1,0.231,0.045,11245,26
009 日常（周年后修复）,300,10,10,200,1,4,7,EOT 516,0.258,0.048,11245,29
009 日常（周年后修复）,300,10,10,200,1,4,11,COG M150,0.222,0.044,11245,25
009 日常（周年后修复）,300,10,10,200,1,4,15,PEQ-15,0.222,0.044,11245,25
009 日常（周年后修复）,300,10,10,200,1,4,39,IOP T3外骨骼,0.178,0.040,11245,20
009 日常（周年后修复）,300,10,10,200,1,4,43,Type2防弹插板,0.267,0.049,11245,30
009 日常（周年后修复）,300,10,10,200,1,4,57,IOP X3外骨骼,0.151,0.037,11245,17
009 日常（周年后修复）,300,10,10,200,1,4,65,AC3消音器,0.329,0.054,11245,37
009 日常（周年后修复）,300,10,10,200,1,4,67,IOP大容量弹链箱,0.418,0.061,11245,47
009 日常（周年后修复）,300,10,10,200,1,4,89,城市迷彩披风,0.391,0.059,11245,44
009 日常（周年后修复）,300,10,10,200,1,4,223,RMR T2红点,0.703,0.079,11245,79
009 日常（周年后修复）,300,10,10,200,1,4,233,#1运算芯片,0.320,0.053,11245,36
009 日常（周年后修复）,300,10,10,200,1,4,313,HD50脚架Mk2,28.075,0.424,11245,3157
009 日常（周年后修复）,300,10,10,200,1,5,4,VFL 6-24X56,0.018,0.013,11245,2
009 日常（周年后修复）,300,10,10,200,1,5,8,EOT 518,0.044,0.020,11245,5
009 日常（周年后修复）,300,10,10,200,1,5,12,ITI MARS,0.053,0.022,11245,6
009 日常（周年后修复）,300,10,10,200,1,5,16,PEQ-16A,0.044,0.020,11245,5
009 日常（周年后修复）,300,10,10,200,1,5,44,Type3防弹插板,0.062,0.024,11245,7
009 日常（周年后修复）,300,10,10,200,1,5,58,IOP X4外骨骼,0.009,0.009,11245,1
009 日常（周年后修复）,300,10,10,200,1,5,66,AC4消音器,0.053,0.022,11245,6
009 日常（周年后修复）,300,10,10,200,1,5,68,IOP极限弹链箱,0.089,0.028,11245,10
009 日常（周年后修复）,300,10,10,200,1,5,90,热光学迷彩披风,0.098,0.029,11245,11
009 日常（周年后修复）,300,10,10,200,1,5,224,RMR T4红点,0.089,0.028,11245,10
009 日常（周年后修复）,300,10,10,200,1,5,234,#2运算芯片,0.098,0.029,11245,11
009 日常（周年后修复）,300,10,10,200,1,5,305,SF武器灯改,0.009,0.009,11245,1
009 日常（周年后修复）,300,10,10,200,1,5,309,专注芯片,0.098,0.029,11245,11
009 日常（周年后修复）,300,10,10,200,1,5,314,HD100脚架,6.803,0.237,11245,765
009 日常（周年后修复）,300,300,300,300,1,2,1,BM 3-12X40,0.772,0.087,10228,79
009 日常（周年后修复）,300,300,300,300,1,2,5,EOT 506,0.733,0.084,10228,75
009 日常（周年后修复）,300,300,300,300,1,2,9,AMP COMPM2,0.870,0.092,10228,89
009 日常（周年后修复）,300,300,300,300,1,2,13,PEQ-2,0.743,0.085,10228,76
009 日常（周年后修复）,300,300,300,300,1,2,17,M61穿甲弹,1.740,0.129,10228,178
009 日常（周年后修复）,300,300,300,300,1,2,29,FMJ高速弹,1.877,0.134,10228,192
009 日常（周年后修复）,300,300,300,300,1,2,37,IOP T1外骨骼,0.450,0.066,10228,46
009 日常（周年后修复）,300,300,300,300,1,2,55,IOP X1外骨骼,0.469,0.068,10228,48
009 日常（周年后修复）,300,300,300,300,1,2,63,AC1消音器,0.978,0.097,10228,100
009 日常（周年后修复）,300,300,300,300,1,2,69,ILM空尖弹,1.515,0.121,10228,155
009 日常（周年后修复）,300,300,300,300,1,2,73,#1猎鹿弹,1.359,0.114,10228,139
009 日常（周年后修复）,300,300,300,300,1,2,77,BK独头弹,1.349,0.114,10228,138
009 日常（周年后修复）,300,300,300,300,1,2,87,破旧披风,1.555,0.122,10228,159
009 日常（周年后修复）,300,300,300,300,1,3,2,LRA 2-12x50,0.479,0.068,10228,49
009 日常（周年后修复）,300,300,300,300,1,3,6,EOT 512,0.518,0.071,10228,53
009 日常（周年后修复）,300,300,300,300,1,3,10,AMP COMPM4,0.538,0.072,10228,55
009 日常（周年后修复）,300,300,300,300,1,3,14,PEQ-5,0.626,0.078,10228,64
009 日常（周年后修复）,300,300,300,300,1,3,18,M993穿甲弹,1.036,0.100,10228,106
009 日常（周年后修复）,300,300,300,300,1,3,30,JSP高速弹,1.300,0.112,10228,133
009 日常（周年后修复）,300,300,300,300,1,3,38,IOP T2外骨骼,0.323,0.056,10228,33
009 日常（周年后修复）,300,300,300,300,1,3,42,Type1防弹插板,0.782,0.087,10228,80
009 日常（周年后修复）,300,300,300,300,1,3,56,IOP X2外骨骼,0.352,0.059,10228,36
009 日常（周年后修复）,300,300,300,300,1,3,64,AC2消音器,0.733,0.084,10228,75
009 日常（周年后修复）,300,300,300,300,1,3,70,ILM空尖弹,1.183,0.107,10228,121
009 日常（周年后修复）,300,300,300,300,1,3,74,#0猎鹿弹,0.704,0.083,10228,72
009 日常（周年后修复）,300,300,300,300,1,3,78,FST独头弹,0.811,0.089,10228,83
009 日常（周年后修复）,300,300,300,300,1,3,88,伪装披风,0.997,0.098,10228,102
009 日常（周年后修复）,300,300,300,300,1,3,222,RMR红点,1.486,0.120,10228,152
009 日常（周年后修复）,300,300,300,300,1,3,232,试制运算芯片,0.831,0.090,10228,85
009 日常（周年后修复）,300,300,300,300,1,3,306,Mk3喉缩管,1.193,0.107,10228,122
009 日常（周年后修复）,300,300,300,300,1,3,312,HD50脚架,1.819,0.132,10228,186
009 日常（周年后修复）,300,300,300,300,1,4,3,PSO-1,1.300,0.112,10228,133
009 日常（周年后修复）,300,300,300,300,1,4,7,EOT 516,1.437,0.118,10228,147
009 日常（周年后修复）,300,300,300,300,1,4,11,COG M150,1.662,0.126,10228,170
009 日常（周年后修复）,300,300,300,300,1,4,15,PEQ-15,1.339,0.114,10228,137
009 日常（周年后修复）,300,300,300,300,1,4,19,Mk169穿甲弹,2.786,0.163,10228,285
009 日常（周年后修复）,300,300,300,300,1,4,31,JHP高速弹,3.451,0.180,10228,353
009 日常（周年后修复）,300,300,300,300,1,4,39,IOP T3外骨骼,0.968,0.097,10228,99
009 日常（周年后修复）,300,300,300,300,1,4,43,Type2防弹插板,1.965,0.137,10228,201
009 日常（周年后修复）,300,300,300,300,1,4,57,IOP X3外骨骼,0.997,0.098,10228,102
009 日常（周年后修复）,300,300,300,300,1,4,65,AC3消音器,1.701,0.128,10228,174
009 日常（周年后修复）,300,300,300,300,1,4,67,IOP大容量弹链箱,1.633,0.125,10228,167
009 日常（周年后修复）,300,300,300,300,1,4,71,ILM空尖弹,2.620,0.158,10228,268
009 日常（周年后修复）,300,300,300,300,1,4,75,#00猎鹿弹,2.386,0.151,10228,244
009 日常（周年后修复）,300,300,300,300,1,4,79,WAD独头弹,2.229,0.146,10228,228
009 日常（周年后修复）,300,300,300,300,1,4,89,城市迷彩披风,2.503,0.154,10228,256
009 日常（周年后修复）,300,300,300,300,1,4,223,RMR T2红点,3.050,0.170,10228,312
009 日常（周年后修复）,300,300,300,300,1,4,226,M33狙击弹,2.503,0.154,10228,256
009 日常（周年后修复）,300,300,300,300,1,4,228,Mk900SLAP,1.838,0.133,10228,188
009 日常（周年后修复）,300,300,300,300,1,4,230,#6鸟弹,2.268,0.147,10228,232
009 日常（周年后修复）,300,300,300,300,1,4,233,#1运算芯片,2.239,0.146,10228,229
009 日常（周年后修复）,300,300,300,300,1,4,307,Mk4喉缩管,3.344,0.178,10228,342
009 日常（周年后修复）,300,300,300,300,1,4,310,M1050 LRF,7.098,0.254,10228,726
009 日常（周年后修复）,300,300,300,300,1,4,313,HD50脚架Mk2,4.967,0.215,10228,508
009 日常（周年后修复）,300,300,300,300,1,5,4,VFL 6-24X56,0.284,0.053,10228,29
009 日常（周年后修复）,300,300,300,300,1,5,8,EOT 518,0.323,0.056,10228,33
009 日常（周年后修复）,300,300,300,300,1,5,12,ITI MARS,0.196,0.044,10228,20
009 日常（周年后修复）,300,300,300,300,1,5,16,PEQ-16A,0.303,0.054,10228,31
009 日常（周年后修复）,300,300,300,300,1,5,20,Mk211高爆穿甲弹,0.577,0.075,10228,59
009 日常（周年后修复）,300,300,300,300,1,5,32,APCR高速弹,0.694,0.082,10228,71
009 日常（周年后修复）,300,300,300,300,1,5,40,IOP T4外骨骼,0.127,0.035,10228,13
009 日常（周年后修复）,300,300,300,300,1,5,44,Type3防弹插板,0.440,0.065,10228,45
009 日常（周年后修复）,300,300,300,300,1,5,58,IOP X4外骨骼,0.156,0.039,10228,16
009 日常（周年后修复）,300,300,300,300,1,5,66,AC4消音器,0.665,0.080,10228,68
009 日常（周年后修复）,300,300,300,300,1,5,68,IOP极限弹链箱,0.303,0.054,10228,31
009 日常（周年后修复）,300,300,300,300,1,5,72,ILM空尖弹,0.596,0.076,10228,61
009 日常（周年后修复）,300,300,300,300,1,5,76,#000猎鹿弹,0.440,0.065,10228,45
009 日常（周年后修复）,300,300,300,300,1,5,80,SABOT独头弹,0.430,0.065,10228,44
009 日常（周年后修复）,300,300,300,300,1,5,90,热光学迷彩披风,0.636,0.079,10228,65
009 日常（周年后修复）,300,300,300,300,1,5,224,RMR T4红点,0.626,0.078,10228,64
009 日常（周年后修复）,300,300,300,300,1,5,225,信号弹,0.205,0.045,10228,21
009 日常（周年后修复）,300,300,300,300,1,5,227,M1022狙击弹,0.479,0.068,10228,49
009 日常（周年后修复）,300,300,300,300,1,5,229,Mk1000SLAP,0.411,0.063,10228,42
009 日常（周年后修复）,300,300,300,300,1,5,231,#7.5鸟弹,0.411,0.063,10228,42
009 日常（周年后修复）,300,300,300,300,1,5,234,#2运算芯片,0.606,0.077,10228,62
009 日常（周年后修复）,300,300,300,300,1,5,235,霰弹用闪光弹,0.196,0.044,10228,20
009 日常（周年后修复）,300,300,300,300,1,5,305,SF武器灯改,0.147,0.038,10228,15
009 日常（周年后修复）,300,300,300,300,1,5,308,Mk0多用途喉缩管,0.724,0.084,10228,74
009 日常（周年后修复）,300,300,300,300,1,5,309,专注芯片,0.636,0.079,10228,65
009 日常（周年后修复）,300,300,300,300,1,5,311,M200X LRF,1.525,0.121,10228,156
009 日常（周年后修复）,300,300,300,300,1,5,314,HD100脚架,1.457,0.118,10228,149
